NUMSECCENS;15-19;20-34;35-64;65+;Hogar con un hombre solo de 65 años o más;Hogar con un hombre solo menor de 65 años;Hogar con un solo progenitor que convive con algún hijo menor de 25 años;Hogar con un solo progenitor que convive con todos sus hijos de 25 años o más;Hogar con una mujer sola de 65 años o más;Hogar con una mujer sola menor de 65 años;Hogar formado por pareja con hijos en donde algún hijo es menor de 25 años;Hogar formado por pareja con hijos en donde todos los hijos de 25 años o más;Hogar formado por pareja o un solo progenitor que convive con algún hijo menor de 25 años y otra(s) persona(a);Hogar formado por pareja sin hijos;Otro tipo de hogar;Analfabetos;Doctorado universitario;Educación postsecundaria no superior;Educación primaria;Enseñanzas de formación profesional, artes plásticas y diseño y deportivas de grado superior y equivalentes;Estudios primarios incompletos;Grados universitarios de 240 créditos ECTS, diplomados universitarios, títulos propios universitarios de experto o especialista;Grados universitarios de más de 240 créditos ECTS, licenciados;Másteres, especialidades en Ciencias de la Salud por el sistema de residencia y similares;Primera etapa de educación secundaria y similar;Segunda etapa de educación secundaria con orientación general;Segunda etapa de educación secundaria con orientación profesional;1 - Directores y gerentes;2 - Técnicos y profesionales científicos e intelectuales;"3 - Técnicos; profesionales de apoyo";4 - Empleados contables, administrativos y otros empleados de oficina;5 - Trabajadores de los servicios de restauración, personales, protección y vendedores;6 - Trabajadores cualificados en el sector agrícola, ganadero, forestal y pesquero;7 - Artesanos y trabajadores cualificados de las industrias manufactureras y la construcción (excepto operadores de instalaciones y maquinaria);8 - Operadores de instalaciones y maquinaria, y montadores;9 - Ocupaciones elementales;SES;kw_pct;he_pct;median_price_inf;RANK;SES_PR
1001.0;0.0;0.2304347826086956;0.7391304347826086;0.0304347826086956;0.0574324324324324;0.1858108108108108;0.0439189189189189;0.0371621621621621;0.1182432432432432;0.1486486486486486;0.0743243243243243;0.0236486486486486;0.0371621621621621;0.1486486486486486;0.125;0.0043478260869565;0.0695652173913043;0.0;0.0565217391304347;0.0652173913043478;0.0130434782608695;0.2043478260869565;0.2521739130434782;0.0913043478260869;0.0869565217391304;0.1043478260869565;0.0521739130434782;0.0744186046511627;0.3627906976744186;0.1395348837209302;0.0837209302325581;0.2325581395348837;0.0046511627906976;0.027906976744186;0.013953488372093;0.0604651162790697;3.208245036242855;0.5767441860465117;0.4130434782608695;3097.2203654999994;15.0;89.62962962962962
2003.0;0.0;0.2015209125475285;0.7870722433460076;0.0114068441064638;0.0098522167487684;0.0541871921182266;0.0935960591133004;0.0492610837438423;0.0246305418719211;0.0443349753694581;0.3054187192118227;0.1083743842364532;0.0935960591133004;0.1428571428571428;0.0738916256157635;0.0;0.0267175572519083;0.0;0.0267175572519083;0.099236641221374;0.0;0.1603053435114503;0.1870229007633587;0.0687022900763358;0.2175572519083969;0.1183206106870229;0.0954198473282442;0.0395256916996047;0.2845849802371542;0.1304347826086956;0.1225296442687747;0.217391304347826;0.0;0.0948616600790513;0.0355731225296442;0.075098814229249;3.3246498634523936;0.4545454545454546;0.2824427480916031;3240.393552;12.0;91.85185185185183
2004.0;0.0;0.1621621621621621;0.7621621621621621;0.0756756756756756;0.029585798816568;0.0532544378698224;0.0769230769230769;0.059171597633136;0.0946745562130177;0.0650887573964497;0.2485207100591716;0.0710059171597633;0.0946745562130177;0.1538461538461538;0.0532544378698224;0.0;0.0869565217391304;0.0;0.0108695652173913;0.0380434782608695;0.0054347826086956;0.1684782608695652;0.4184782608695652;0.1195652173913043;0.0271739130434782;0.0978260869565217;0.0271739130434782;0.0786516853932584;0.5224719101123596;0.1516853932584269;0.1067415730337078;0.1067415730337078;0.0;0.0112359550561797;0.0056179775280898;0.0168539325842696;4.034507587131444;0.752808988764045;0.625;3240.393552;3.0;98.51851851851852
2009.0;0.0;0.1952380952380952;0.7904761904761904;0.0142857142857142;0.0238095238095238;0.0619047619047619;0.0761904761904762;0.0619047619047619;0.0476190476190476;0.0476190476190476;0.2761904761904762;0.0857142857142857;0.1095238095238095;0.1285714285714285;0.0809523809523809;0.0;0.0377358490566037;0.0094339622641509;0.0471698113207547;0.080188679245283;0.0047169811320754;0.1179245283018868;0.1650943396226415;0.0660377358490566;0.2783018867924528;0.0660377358490566;0.1273584905660377;0.0485436893203883;0.2135922330097087;0.0970873786407767;0.0728155339805825;0.2766990291262136;0.0048543689320388;0.0776699029126213;0.0388349514563106;0.1699029126213592;3.23483018475906;0.3592233009708738;0.2688679245283019;3240.393552;14.0;90.37037037037037
2013.0;0.0034602076124567;0.1903114186851211;0.7716262975778547;0.0346020761245674;0.0170212765957446;0.0680851063829787;0.0851063829787234;0.0595744680851063;0.0553191489361702;0.051063829787234;0.2595744680851063;0.0893617021276595;0.1148936170212766;0.1276595744680851;0.0723404255319148;0.0;0.0726643598615917;0.0;0.0069204152249134;0.0553633217993079;0.0069204152249134;0.2076124567474048;0.370242214532872;0.1003460207612456;0.0380622837370242;0.1141868512110726;0.0276816608996539;0.1003584229390681;0.4372759856630824;0.1612903225806451;0.1290322580645161;0.1218637992831541;0.003584229390681;0.025089605734767;0.007168458781362;0.014336917562724;3.877883665253785;0.6989247311827957;0.5432525951557093;3240.393552;7.0;95.55555555555556
2020.0;0.0;0.2611111111111111;0.7166666666666667;0.0222222222222222;0.0233644859813084;0.0700934579439252;0.0700934579439252;0.0887850467289719;0.1121495327102803;0.0654205607476635;0.1495327102803738;0.0654205607476635;0.1074766355140186;0.1355140186915887;0.1121495327102803;0.0;0.0167597765363128;0.0055865921787709;0.0782122905027933;0.1117318435754189;0.0055865921787709;0.1340782122905028;0.1396648044692737;0.0614525139664804;0.2513966480446927;0.1117318435754189;0.0837988826815642;0.0284090909090909;0.2329545454545454;0.0738636363636363;0.1079545454545454;0.2897727272727273;0.0;0.0681818181818181;0.0284090909090909;0.1704545454545454;3.144237521561163;0.3352272727272727;0.217877094972067;3240.393552;16.0;88.88888888888889
2024.0;0.0118343195266272;0.2840236686390532;0.6982248520710059;0.0059171597633136;0.027027027027027;0.0648648648648648;0.0756756756756756;0.081081081081081;0.081081081081081;0.0486486486486486;0.2;0.0972972972972973;0.1189189189189189;0.1243243243243243;0.081081081081081;0.0;0.0118343195266272;0.0059171597633136;0.0769230769230769;0.1005917159763313;0.0236686390532544;0.0887573964497041;0.0769230769230769;0.0236686390532544;0.3491124260355029;0.1124260355029585;0.1301775147928994;0.0121951219512195;0.1280487804878048;0.073170731707317;0.073170731707317;0.3597560975609756;0.0121951219512195;0.0792682926829268;0.0365853658536585;0.2256097560975609;2.9035577874250644;0.2134146341463415;0.1124260355029585;3240.393552;18.0;87.4074074074074
2026.0;0.003875968992248;0.2093023255813953;0.7751937984496124;0.0116279069767441;0.0281124497991967;0.0642570281124498;0.0883534136546184;0.0602409638554216;0.0602409638554216;0.0481927710843373;0.253012048192771;0.0923694779116465;0.0843373493975903;0.1365461847389558;0.0843373493975903;0.0;0.0234375;0.00390625;0.02734375;0.10546875;0.0078125;0.140625;0.13671875;0.04296875;0.2890625;0.09765625;0.125;0.0321285140562249;0.1927710843373494;0.108433734939759;0.1124497991967871;0.2730923694779116;0.0040160642570281;0.1004016064257028;0.0401606425702811;0.1365461847389558;3.121757835241273;0.3333333333333333;0.203125;3240.393552;17.0;88.14814814814815
2027.0;0.0;0.2046204620462046;0.7557755775577558;0.0396039603960396;0.025;0.0821428571428571;0.0821428571428571;0.0428571428571428;0.0678571428571428;0.0464285714285714;0.2714285714285714;0.075;0.0821428571428571;0.1571428571428571;0.0678571428571428;0.0;0.0427631578947368;0.0;0.0328947368421052;0.0921052631578947;0.006578947368421;0.1447368421052631;0.2467105263157894;0.0822368421052631;0.1776315789473684;0.1019736842105263;0.0723684210526315;0.0893470790378006;0.3161512027491409;0.1134020618556701;0.1030927835051546;0.2027491408934708;0.0034364261168384;0.0618556701030927;0.0343642611683848;0.0756013745704467;3.499755697182592;0.5189003436426117;0.3717105263157895;3240.393552;10.0;93.33333333333331
2028.0;0.0;0.1893491124260355;0.7869822485207101;0.0236686390532544;0.0304568527918781;0.0507614213197969;0.0710659898477157;0.0710659898477157;0.1421319796954314;0.065989847715736;0.1472081218274111;0.0862944162436548;0.1065989847715736;0.1421319796954314;0.0862944162436548;0.0;0.0294117647058823;0.0058823529411764;0.0352941176470588;0.0823529411764705;0.0117647058823529;0.1941176470588235;0.2235294117647059;0.0764705882352941;0.1411764705882353;0.1470588235294117;0.0529411764705882;0.0479041916167664;0.3173652694610778;0.1377245508982036;0.1257485029940119;0.2155688622754491;0.0059880239520958;0.0479041916167664;0.029940119760479;0.0718562874251497;3.4275603057856854;0.5029940119760479;0.3294117647058823;3240.393552;11.0;92.5925925925926
2030.0;0.0035335689045936;0.2014134275618374;0.7809187279151943;0.0141342756183745;0.026431718061674;0.066079295154185;0.0748898678414096;0.0440528634361233;0.026431718061674;0.052863436123348;0.2951541850220264;0.0704845814977973;0.1497797356828193;0.105726872246696;0.0881057268722467;0.0;0.0284697508896797;0.0071174377224199;0.0498220640569395;0.099644128113879;0.0106761565836298;0.1209964412811387;0.2206405693950178;0.0498220640569395;0.2277580071174377;0.0889679715302491;0.096085409252669;0.0588235294117647;0.2352941176470588;0.0992647058823529;0.1102941176470588;0.2205882352941176;0.0110294117647058;0.1139705882352941;0.0367647058823529;0.1139705882352941;3.303027592931334;0.3933823529411764;0.298932384341637;3240.393552;13.0;91.11111111111111
2041.0;0.0;0.1901408450704225;0.778169014084507;0.0316901408450704;0.0150753768844221;0.0251256281407035;0.0904522613065326;0.0603015075376884;0.0452261306532663;0.0351758793969849;0.3567839195979899;0.1155778894472361;0.1155778894472361;0.0954773869346733;0.0452261306532663;0.0;0.0633802816901408;0.0;0.0070422535211267;0.0387323943661971;0.0035211267605633;0.1795774647887324;0.4190140845070422;0.1373239436619718;0.0387323943661971;0.0880281690140845;0.0246478873239436;0.0879120879120879;0.5018315018315018;0.1282051282051282;0.1428571428571428;0.0952380952380952;0.0036630036630036;0.0146520146520146;0.0109890109890109;0.0146520146520146;4.001206295367993;0.717948717948718;0.619718309859155;3240.393552;5.0;97.03703703703704
2044.0;0.0;0.1672862453531598;0.8104089219330854;0.0223048327137546;0.0336538461538461;0.0432692307692307;0.1346153846153846;0.048076923076923;0.0384615384615384;0.0673076923076923;0.3461538461538461;0.0769230769230769;0.0721153846153846;0.0961538461538461;0.0432692307692307;0.0;0.074074074074074;0.0037037037037037;0.0074074074074074;0.0666666666666666;0.0037037037037037;0.2037037037037037;0.3296296296296296;0.1037037037037037;0.0518518518518518;0.1259259259259259;0.0296296296296296;0.1046511627906976;0.4031007751937984;0.1705426356589147;0.1511627906976744;0.1162790697674418;0.003875968992248;0.0271317829457364;0.0077519379844961;0.0155038759689922;3.811420484059061;0.6782945736434108;0.5074074074074074;3240.393552;9.0;94.07407407407408
2048.0;0.0;0.2093023255813953;0.7441860465116279;0.0465116279069767;0.0307692307692307;0.0307692307692307;0.0717948717948717;0.0717948717948717;0.041025641025641;0.0256410256410256;0.3333333333333333;0.1282051282051282;0.0923076923076923;0.1487179487179487;0.0256410256410256;0.0;0.0700389105058365;0.0;0.0038910505836575;0.0350194552529182;0.0;0.1945525291828793;0.4319066147859922;0.1634241245136186;0.0194552529182879;0.0739299610894941;0.0077821011673151;0.0952380952380952;0.5515873015873016;0.1309523809523809;0.119047619047619;0.0634920634920634;0.0039682539682539;0.0158730158730158;0.0039682539682539;0.0158730158730158;4.110641414184852;0.7777777777777778;0.6653696498054475;3240.393552;1.0;100.0
2049.0;0.0035211267605633;0.1514084507042253;0.823943661971831;0.0211267605633802;0.0181818181818181;0.0727272727272727;0.1181818181818181;0.05;0.0272727272727272;0.0818181818181818;0.3818181818181818;0.059090909090909;0.0636363636363636;0.1;0.0272727272727272;0.0;0.0804195804195804;0.0;0.0069930069930069;0.0664335664335664;0.0;0.2097902097902098;0.3391608391608391;0.1013986013986013;0.0349650349650349;0.1223776223776223;0.0384615384615384;0.0842490842490842;0.4249084249084249;0.1831501831501831;0.1391941391941392;0.1025641025641025;0.0036630036630036;0.0219780219780219;0.0109890109890109;0.0293040293040293;3.841166611510976;0.6923076923076923;0.5209790209790209;3240.393552;8.0;94.81481481481482
2050.0;0.0;0.201058201058201;0.7724867724867724;0.0264550264550264;0.0122448979591836;0.0448979591836734;0.1142857142857142;0.036734693877551;0.0285714285714285;0.0326530612244898;0.4408163265306122;0.0816326530612244;0.0857142857142857;0.0857142857142857;0.036734693877551;0.0;0.0582010582010582;0.0;0.0105820105820105;0.0343915343915343;0.0052910052910052;0.1878306878306878;0.3862433862433862;0.164021164021164;0.0291005291005291;0.0952380952380952;0.0291005291005291;0.1307901907356948;0.4986376021798365;0.1362397820163488;0.106267029972752;0.0926430517711171;0.0027247956403269;0.0108991825613079;0.0027247956403269;0.0190735694822888;4.02037980484794;0.7656675749318801;0.6084656084656084;3240.393552;4.0;97.77777777777776
3003.0;0.0;0.2655367231638418;0.7175141242937854;0.0169491525423728;0.0311111111111111;0.1777777777777777;0.0666666666666666;0.0311111111111111;0.0622222222222222;0.1866666666666666;0.0844444444444444;0.0133333333333333;0.0444444444444444;0.1511111111111111;0.1511111111111111;0.0;0.0505617977528089;0.0056179775280898;0.0505617977528089;0.0842696629213483;0.0224719101123595;0.1573033707865168;0.196629213483146;0.0898876404494382;0.146067415730337;0.1123595505617977;0.0842696629213483;0.0470588235294117;0.2941176470588235;0.1176470588235294;0.0941176470588235;0.2529411764705882;0.0;0.0647058823529411;0.0176470588235294;0.1117647058823529;-1.1075044076475873;0.4588235294117647;0.3370786516853932;1597.41702;129.0;5.185185185185185
4001.0;0.0051282051282051;0.2461538461538461;0.7230769230769231;0.0256410256410256;0.0384615384615384;0.1324786324786324;0.0641025641025641;0.0555555555555555;0.094017094017094;0.1324786324786324;0.1239316239316239;0.0384615384615384;0.0555555555555555;0.1452991452991453;0.1196581196581196;0.0;0.0518134715025906;0.0;0.0362694300518134;0.0725388601036269;0.0103626943005181;0.1865284974093264;0.2642487046632124;0.082901554404145;0.1191709844559585;0.1191709844559585;0.0569948186528497;0.0476190476190476;0.3333333333333333;0.1216931216931216;0.1322751322751322;0.2116402116402116;0.0052910052910052;0.037037037037037;0.0105820105820105;0.1005291005291005;-0.3541169417311976;0.5026455026455026;0.3989637305699481;1827.690669;104.0;23.703703703703702
4003.0;0.0054054054054054;0.2648648648648649;0.7189189189189189;0.0108108108108108;0.0237154150197628;0.1225296442687747;0.0632411067193675;0.0632411067193675;0.0632411067193675;0.1067193675889328;0.1581027667984189;0.0395256916996047;0.1106719367588932;0.1027667984189723;0.1462450592885375;0.0;0.0268817204301075;0.0053763440860215;0.064516129032258;0.075268817204301;0.0161290322580645;0.0913978494623656;0.1505376344086021;0.043010752688172;0.3279569892473118;0.1075268817204301;0.0913978494623656;0.0329670329670329;0.1758241758241758;0.0934065934065934;0.0824175824175824;0.2857142857142857;0.0054945054945054;0.0879120879120879;0.0384615384615384;0.1978021978021978;-0.7573239257484496;0.3021978021978022;0.2204301075268817;1827.690669;123.0;9.62962962962963
4004.0;0.0057142857142857;0.2228571428571428;0.76;0.0114285714285714;0.0268817204301075;0.0698924731182795;0.064516129032258;0.064516129032258;0.0913978494623656;0.075268817204301;0.2258064516129032;0.075268817204301;0.075268817204301;0.1559139784946236;0.075268817204301;0.0;0.0402298850574712;0.0;0.028735632183908;0.0977011494252873;0.0057471264367816;0.1494252873563218;0.1781609195402299;0.0862068965517241;0.2183908045977011;0.1379310344827586;0.057471264367816;0.0350877192982456;0.2748538011695906;0.1111111111111111;0.1345029239766081;0.2631578947368421;0.0;0.0467836257309941;0.0292397660818713;0.1052631578947368;-0.5492430552210743;0.4210526315789473;0.3045977011494253;1827.690669;117.0;14.074074074074074
4007.0;0.0060240963855421;0.2469879518072289;0.7349397590361446;0.0120481927710843;0.0264550264550264;0.1111111111111111;0.0582010582010582;0.0582010582010582;0.1164021164021164;0.0899470899470899;0.1851851851851851;0.0529100529100529;0.0529100529100529;0.1216931216931216;0.1269841269841269;0.0;0.0297619047619047;0.0059523809523809;0.0535714285714285;0.1011904761904761;0.0059523809523809;0.1666666666666666;0.2142857142857142;0.0476190476190476;0.1785714285714285;0.1071428571428571;0.0892857142857142;0.0240963855421686;0.2771084337349397;0.0963855421686747;0.1506024096385542;0.2409638554216867;0.0;0.072289156626506;0.0301204819277108;0.108433734939759;-0.5850545891563503;0.3975903614457832;0.2916666666666666;1827.690669;120.0;11.851851851851851
4009.0;0.0051020408163265;0.173469387755102;0.7959183673469388;0.0255102040816326;0.026431718061674;0.118942731277533;0.0704845814977973;0.0484581497797356;0.1233480176211453;0.118942731277533;0.158590308370044;0.039647577092511;0.0572687224669603;0.158590308370044;0.079295154185022;0.0;0.0414507772020725;0.0;0.0207253886010362;0.1088082901554404;0.0103626943005181;0.2020725388601036;0.2642487046632124;0.0518134715025906;0.1139896373056994;0.1191709844559585;0.0673575129533678;0.031413612565445;0.3403141361256545;0.1361256544502617;0.1623036649214659;0.2094240837696335;0.0;0.0418848167539267;0.0209424083769633;0.0575916230366492;-0.4095019415526868;0.5078534031413613;0.3575129533678756;1827.690669;109.0;20.0
6002.0;0.00836820083682;0.2217573221757322;0.7656903765690377;0.00418410041841;0.0194174757281553;0.0485436893203883;0.087378640776699;0.0339805825242718;0.0631067961165048;0.0485436893203883;0.3252427184466019;0.0728155339805825;0.0728155339805825;0.1601941747572815;0.0679611650485436;0.0;0.00418410041841;0.00418410041841;0.0376569037656903;0.1297071129707113;0.0;0.0962343096234309;0.0794979079497908;0.0334728033472803;0.3347280334728033;0.0962343096234309;0.1841004184100418;0.0129310344827586;0.1206896551724138;0.0948275862068965;0.0862068965517241;0.3146551724137931;0.0086206896551724;0.1120689655172413;0.0905172413793103;0.1594827586206896;-0.5648933416979212;0.2284482758620689;0.1171548117154811;1971.295289;119.0;12.592592592592592
6007.0;0.0105263157894736;0.2789473684210526;0.7052631578947368;0.0052631578947368;0.0158730158730158;0.0634920634920634;0.0476190476190476;0.074074074074074;0.0793650793650793;0.0317460317460317;0.238095238095238;0.0952380952380952;0.1587301587301587;0.1375661375661375;0.0582010582010582;0.0;0.0;0.0052631578947368;0.0421052631578947;0.1210526315789473;0.0157894736842105;0.0368421052631578;0.0210526315789473;0.0210526315789473;0.531578947368421;0.0736842105263157;0.131578947368421;0.0216216216216216;0.0594594594594594;0.054054054054054;0.054054054054054;0.3297297297297297;0.0054054054054054;0.1729729729729729;0.0864864864864864;0.2162162162162162;-0.7410751562234574;0.1351351351351351;0.0421052631578947;1971.295289;122.0;10.37037037037037
6012.0;0.0;0.2340425531914893;0.75;0.0159574468085106;0.029126213592233;0.116504854368932;0.0825242718446602;0.0679611650485436;0.1019417475728155;0.0679611650485436;0.2281553398058252;0.0728155339805825;0.0485436893203883;0.116504854368932;0.0679611650485436;0.0;0.010752688172043;0.0;0.0376344086021505;0.1021505376344086;0.0053763440860215;0.2150537634408602;0.2150537634408602;0.0591397849462365;0.1881720430107527;0.1129032258064516;0.053763440860215;0.0274725274725274;0.2912087912087912;0.1373626373626373;0.1318681318681318;0.2362637362637362;0.0;0.0439560439560439;0.0439560439560439;0.0879120879120879;-0.1569805677518788;0.4560439560439561;0.2849462365591398;1971.295289;84.0;38.51851851851852
6013.0;0.008130081300813;0.2682926829268293;0.7154471544715447;0.008130081300813;0.0256410256410256;0.0989010989010989;0.0732600732600732;0.0549450549450549;0.0989010989010989;0.0915750915750915;0.1794871794871795;0.0402930402930402;0.0805860805860805;0.1318681318681318;0.1245421245421245;0.0;0.0204918032786885;0.0;0.0696721311475409;0.1188524590163934;0.0122950819672131;0.1434426229508196;0.1147540983606557;0.0286885245901639;0.2786885245901639;0.0860655737704918;0.1270491803278688;0.0288065843621399;0.1687242798353909;0.1069958847736625;0.102880658436214;0.2592592592592592;0.0041152263374485;0.1234567901234567;0.0534979423868312;0.1522633744855967;-0.4418413009187028;0.3045267489711934;0.1639344262295082;1971.295289;113.0;17.037037037037038
6019.0;0.0;0.2737430167597765;0.7206703910614525;0.0055865921787709;0.0371900826446281;0.0950413223140495;0.0909090909090909;0.0661157024793388;0.0785123966942148;0.0743801652892562;0.1735537190082644;0.0495867768595041;0.0950413223140495;0.1322314049586777;0.1074380165289256;0.0;0.0111731843575419;0.0;0.0670391061452514;0.1005586592178771;0.0055865921787709;0.106145251396648;0.1173184357541899;0.0335195530726257;0.3519553072625698;0.0949720670391061;0.1117318435754189;0.0116279069767441;0.1569767441860465;0.0930232558139534;0.0930232558139534;0.2906976744186046;0.005813953488372;0.0988372093023255;0.0406976744186046;0.2093023255813953;-0.4762821266756099;0.2616279069767442;0.1620111731843575;1971.295289;115.0;15.555555555555555
6025.0;0.0;0.270935960591133;0.7192118226600985;0.0098522167487684;0.0210526315789473;0.0421052631578947;0.0736842105263157;0.0684210526315789;0.0526315789473684;0.0473684210526315;0.2526315789473684;0.1105263157894736;0.0894736842105263;0.1842105263157894;0.0578947368421052;0.0;0.0049261083743842;0.0;0.0443349753694581;0.1280788177339901;0.0098522167487684;0.1083743842364532;0.0591133004926108;0.0344827586206896;0.3596059113300492;0.0935960591133004;0.1576354679802955;0.015228426395939;0.1218274111675127;0.0812182741116751;0.1065989847715736;0.2944162436548223;0.0101522842639593;0.1269035532994923;0.0812182741116751;0.1624365482233502;-0.5990354782647317;0.2182741116751269;0.0985221674876847;1971.295289;121.0;11.11111111111111
6028.0;0.0067340067340067;0.2154882154882154;0.7710437710437711;0.0067340067340067;0.0249221183800623;0.0903426791277258;0.0903426791277258;0.0591900311526479;0.0903426791277258;0.0996884735202492;0.2305295950155763;0.0404984423676012;0.0654205607476635;0.1246105919003115;0.0841121495327102;0.0;0.0303030303030303;0.0033670033670033;0.0471380471380471;0.1144781144781144;0.0067340067340067;0.1683501683501683;0.1750841750841751;0.0572390572390572;0.1919191919191919;0.1212121212121212;0.0841750841750841;0.0347222222222222;0.2604166666666667;0.1006944444444444;0.1319444444444444;0.2604166666666667;0.0034722222222222;0.0486111111111111;0.0381944444444444;0.1215277777777777;-0.2333574480492734;0.3958333333333333;0.2626262626262626;1971.295289;94.0;31.11111111111111
6031.0;0.0058479532163742;0.2514619883040935;0.7309941520467836;0.0116959064327485;0.0225988700564971;0.0677966101694915;0.0847457627118644;0.0734463276836158;0.0790960451977401;0.0451977401129943;0.2372881355932203;0.0903954802259887;0.0903954802259887;0.135593220338983;0.0734463276836158;0.0;0.0115606936416184;0.0;0.0462427745664739;0.1271676300578034;0.0057803468208092;0.0867052023121387;0.0751445086705202;0.0346820809248554;0.3815028901734104;0.0867052023121387;0.1445086705202312;0.0242424242424242;0.1151515151515151;0.0909090909090909;0.0969696969696969;0.3151515151515151;0.0;0.1272727272727272;0.0606060606060606;0.1696969696969697;-0.5574749680210167;0.2303030303030303;0.1213872832369942;1971.295289;118.0;13.333333333333334
6039.0;0.0;0.2568807339449541;0.7293577981651376;0.0137614678899082;0.0160427807486631;0.0695187165775401;0.0748663101604278;0.0748663101604278;0.0481283422459893;0.0588235294117647;0.2780748663101604;0.106951871657754;0.0641711229946524;0.1550802139037433;0.053475935828877;0.0;0.0228310502283105;0.0;0.0228310502283105;0.1324200913242009;0.0;0.2100456621004566;0.1872146118721461;0.0730593607305936;0.1415525114155251;0.1278538812785388;0.0821917808219178;0.0379146919431279;0.3364928909952606;0.1421800947867298;0.1184834123222748;0.2085308056872037;0.0;0.0473933649289099;0.0426540284360189;0.0663507109004739;-0.1148835309167069;0.5165876777251185;0.2831050228310502;1971.295289;79.0;42.22222222222222
6048.0;0.0033333333333333;0.12;0.87;0.0066666666666666;0.0047619047619047;0.0857142857142857;0.1047619047619047;0.0095238095238095;0.0142857142857142;0.0761904761904762;0.5142857142857142;0.0380952380952381;0.0428571428571428;0.0904761904761904;0.019047619047619;0.0;0.0165562913907284;0.0;0.0066225165562913;0.1655629139072847;0.0;0.1754966887417218;0.1390728476821192;0.0397350993377483;0.2185430463576159;0.1125827814569536;0.1258278145695364;0.0273037542662116;0.2218430034129692;0.136518771331058;0.1399317406143344;0.2457337883959044;0.0;0.0716723549488054;0.0716723549488054;0.0853242320819112;-0.3369854469287476;0.3856655290102388;0.195364238410596;1971.295289;101.0;25.925925925925924
7005.0;0.0;0.1834862385321101;0.8027522935779816;0.0137614678899082;0.0212765957446808;0.0744680851063829;0.0904255319148936;0.0372340425531914;0.0478723404255319;0.0531914893617021;0.3563829787234042;0.0797872340425532;0.0531914893617021;0.1276595744680851;0.0585106382978723;0.0;0.0229357798165137;0.0091743119266055;0.0275229357798165;0.1605504587155963;0.0;0.1788990825688073;0.146788990825688;0.0504587155963302;0.1926605504587156;0.1055045871559633;0.1055045871559633;0.0333333333333333;0.2523809523809524;0.1476190476190476;0.1238095238095238;0.2142857142857142;0.0;0.0952380952380952;0.0476190476190476;0.0857142857142857;0.6237754083304893;0.4333333333333333;0.2201834862385321;2295.304323;29.0;79.25925925925927
7011.0;0.0;0.2648648648648649;0.7297297297297297;0.0054054054054054;0.0259740259740259;0.1082251082251082;0.0649350649350649;0.0649350649350649;0.0909090909090909;0.1212121212121212;0.1558441558441558;0.0519480519480519;0.0519480519480519;0.1515151515151515;0.1125541125541125;0.0;0.0210526315789473;0.0052631578947368;0.0684210526315789;0.0842105263157894;0.0105263157894736;0.1526315789473684;0.1421052631578947;0.0736842105263157;0.231578947368421;0.1105263157894736;0.1;0.0331491712707182;0.2209944751381215;0.0828729281767955;0.1215469613259668;0.287292817679558;0.0;0.0718232044198895;0.0552486187845303;0.1270718232044199;0.5764240193153829;0.3370165745856353;0.2368421052631578;2295.304323;31.0;77.77777777777779
7023.0;0.0076045627376425;0.2129277566539923;0.779467680608365;0.0;0.0165016501650165;0.1254125412541254;0.1023102310231023;0.0495049504950495;0.0363036303630363;0.066006600660066;0.2904290429042904;0.033003300330033;0.0726072607260726;0.1287128712871287;0.0792079207920792;0.0;0.0075471698113207;0.0037735849056603;0.0528301886792452;0.1433962264150943;0.0113207547169811;0.0943396226415094;0.0679245283018867;0.0150943396226415;0.3924528301886792;0.0792452830188679;0.1320754716981132;0.0115830115830115;0.0965250965250965;0.0965250965250965;0.0888030888030888;0.3088803088803089;0.0077220077220077;0.1274131274131274;0.0617760617760617;0.2007722007722007;0.2695966630218028;0.2046332046332046;0.090566037735849;2295.304323;55.0;60.0
7027.0;0.0;0.2162162162162162;0.7432432432432432;0.0405405405405405;0.0119047619047619;0.0297619047619047;0.0416666666666666;0.0357142857142857;0.0416666666666666;0.0357142857142857;0.2738095238095238;0.1607142857142857;0.125;0.1607142857142857;0.0833333333333333;0.0;0.0588235294117647;0.004524886877828;0.0226244343891402;0.0769230769230769;0.004524886877828;0.2217194570135746;0.2307692307692307;0.0950226244343891;0.1085972850678733;0.1131221719457013;0.0633484162895927;0.0849056603773584;0.419811320754717;0.1462264150943396;0.0990566037735849;0.1556603773584905;0.0047169811320754;0.0518867924528301;0.0188679245283018;0.0188679245283018;1.019510365910068;0.6509433962264151;0.3846153846153846;2295.304323;26.0;81.48148148148148
7034.0;0.00418410041841;0.2426778242677824;0.7447698744769874;0.00836820083682;0.0224719101123595;0.0936329588014981;0.0674157303370786;0.0524344569288389;0.0861423220973782;0.1086142322097378;0.198501872659176;0.0449438202247191;0.0823970037453183;0.1348314606741573;0.1086142322097378;0.0;0.0042194092827004;0.0042194092827004;0.0464135021097046;0.1265822784810126;0.0210970464135021;0.1223628691983122;0.1223628691983122;0.0548523206751054;0.2784810126582278;0.1012658227848101;0.1181434599156118;0.0128755364806866;0.1802575107296137;0.111587982832618;0.1287553648068669;0.296137339055794;0.0042918454935622;0.0858369098712446;0.0429184549356223;0.1373390557939914;0.4733885369869649;0.3047210300429185;0.1814345991561181;2295.304323;36.0;74.07407407407408
7043.0;0.0;0.2478260869565217;0.7347826086956522;0.017391304347826;0.017094017094017;0.0598290598290598;0.0683760683760683;0.0641025641025641;0.0982905982905982;0.0854700854700854;0.2521367521367521;0.0555555555555555;0.0683760683760683;0.1623931623931624;0.0683760683760683;0.0;0.0131004366812227;0.0;0.0393013100436681;0.1615720524017467;0.0043668122270742;0.1615720524017467;0.1004366812227074;0.0524017467248908;0.2270742358078602;0.1091703056768559;0.131004366812227;0.0225225225225225;0.1936936936936936;0.1441441441441441;0.1171171171171171;0.2702702702702703;0.0;0.0855855855855855;0.054054054054054;0.1126126126126126;0.492350260132431;0.3603603603603603;0.1659388646288209;2295.304323;35.0;74.81481481481481
7046.0;0.0037735849056603;0.230188679245283;0.7509433962264151;0.0150943396226415;0.017391304347826;0.0521739130434782;0.0869565217391304;0.0521739130434782;0.0434782608695652;0.0391304347826087;0.2913043478260869;0.0913043478260869;0.1043478260869565;0.1304347826086956;0.0913043478260869;0.0;0.0112781954887218;0.0037593984962406;0.0413533834586466;0.1203007518796992;0.0150375939849624;0.1052631578947368;0.0676691729323308;0.0300751879699248;0.3496240601503759;0.1203007518796992;0.1353383458646616;0.0386100386100386;0.1274131274131274;0.0888030888030888;0.0926640926640926;0.2972972972972973;0.0115830115830115;0.1312741312741312;0.0694980694980695;0.1428571428571428;0.3330520135345896;0.2548262548262548;0.1090225563909774;2295.304323;49.0;64.44444444444444
7048.0;0.0;0.24;0.7555555555555555;0.0044444444444444;0.037037037037037;0.0576131687242798;0.102880658436214;0.0576131687242798;0.0781893004115226;0.0452674897119341;0.2633744855967078;0.0411522633744856;0.0864197530864197;0.1440329218106996;0.0864197530864197;0.0;0.0131578947368421;0.0;0.0394736842105263;0.1271929824561403;0.0175438596491228;0.1140350877192982;0.0789473684210526;0.0219298245614035;0.3333333333333333;0.1052631578947368;0.1491228070175438;0.0135135135135135;0.1396396396396396;0.0990990990990991;0.0945945945945946;0.3243243243243243;0.0045045045045045;0.09009009009009;0.0585585585585585;0.1756756756756756;0.3383132309368316;0.2522522522522522;0.1140350877192982;2295.304323;48.0;65.18518518518519
7050.0;0.0050251256281407;0.236180904522613;0.7587939698492462;0.0;0.0135746606334841;0.085972850678733;0.0814479638009049;0.0407239819004524;0.0180995475113122;0.0497737556561085;0.334841628959276;0.0542986425339366;0.1538461538461538;0.1040723981900452;0.0633484162895927;0.0;0.0050251256281407;0.0;0.0603015075376884;0.1407035175879397;0.0100502512562814;0.0854271356783919;0.0452261306532663;0.0301507537688442;0.4371859296482412;0.0854271356783919;0.100502512562814;0.0255102040816326;0.1020408163265306;0.0765306122448979;0.096938775510204;0.2755102040816326;0.0051020408163265;0.1479591836734693;0.086734693877551;0.1836734693877551;0.2546649527253812;0.2040816326530612;0.0804020100502512;2295.304323;57.0;58.51851851851851
7066.0;0.0;0.2321428571428571;0.7619047619047619;0.0059523809523809;0.0297029702970297;0.094059405940594;0.094059405940594;0.0594059405940594;0.0891089108910891;0.0693069306930693;0.198019801980198;0.0495049504950495;0.0841584158415841;0.1386138613861386;0.094059405940594;0.0;0.0119047619047619;0.0059523809523809;0.0416666666666666;0.1309523809523809;0.0178571428571428;0.125;0.0952380952380952;0.0238095238095238;0.3333333333333333;0.1130952380952381;0.1011904761904761;0.0122699386503067;0.1349693251533742;0.0858895705521472;0.0920245398773006;0.3496932515337423;0.0061349693251533;0.0858895705521472;0.0552147239263803;0.1779141104294478;0.3483598813013469;0.2331288343558282;0.1309523809523809;2295.304323;43.0;68.88888888888889
7067.0;0.0;0.2543352601156069;0.7456647398843931;0.0;0.034313725490196;0.0686274509803921;0.0686274509803921;0.0588235294117647;0.088235294117647;0.0637254901960784;0.1715686274509804;0.0735294117647058;0.0980392156862745;0.1715686274509804;0.1029411764705882;0.0;0.0057803468208092;0.0057803468208092;0.0867052023121387;0.1213872832369942;0.0115606936416184;0.1329479768786127;0.0982658959537572;0.0289017341040462;0.2947976878612717;0.0982658959537572;0.1156069364161849;0.0117647058823529;0.1235294117647058;0.0823529411764705;0.1235294117647058;0.3235294117647059;0.0117647058823529;0.1;0.0470588235294117;0.1764705882352941;0.339774027857069;0.2176470588235294;0.1329479768786127;2295.304323;47.0;65.92592592592592
7071.0;0.0;0.2625698324022346;0.7262569832402235;0.0111731843575419;0.0255102040816326;0.0510204081632653;0.0663265306122449;0.086734693877551;0.086734693877551;0.0510204081632653;0.2244897959183673;0.1122448979591836;0.0663265306122449;0.1632653061224489;0.0663265306122449;0.0056179775280898;0.0112359550561797;0.0;0.0393258426966292;0.1235955056179775;0.0056179775280898;0.1629213483146067;0.1516853932584269;0.0561797752808988;0.1853932584269663;0.1123595505617977;0.146067415730337;0.0292397660818713;0.239766081871345;0.1169590643274853;0.1286549707602339;0.2456140350877192;0.0;0.0643274853801169;0.0701754385964912;0.1052631578947368;0.5872341939441846;0.3859649122807017;0.2191011235955056;2295.304323;30.0;78.51851851851852
7072.0;0.0;0.2330827067669172;0.7593984962406015;0.0075187969924812;0.0170212765957446;0.0595744680851063;0.0893617021276595;0.0680851063829787;0.0595744680851063;0.051063829787234;0.2723404255319149;0.1063829787234042;0.0638297872340425;0.1574468085106383;0.0553191489361702;0.0;0.0188679245283018;0.0037735849056603;0.0264150943396226;0.1547169811320754;0.0037735849056603;0.1811320754716981;0.1169811320754717;0.0566037735849056;0.2075471698113207;0.1132075471698113;0.1169811320754717;0.0308880308880308;0.2625482625482625;0.1274131274131274;0.1081081081081081;0.2895752895752895;0.0;0.0463320463320463;0.0386100386100386;0.0965250965250965;0.5749259859350393;0.4208494208494208;0.1924528301886792;2295.304323;32.0;77.03703703703704
7074.0;0.0;0.304029304029304;0.684981684981685;0.0109890109890109;0.0160642570281124;0.0963855421686747;0.0803212851405622;0.0401606425702811;0.0602409638554216;0.1485943775100401;0.2208835341365461;0.0481927710843373;0.0401606425702811;0.1927710843373494;0.0562248995983935;0.0;0.0219780219780219;0.0036630036630036;0.0366300366300366;0.1538461538461538;0.0073260073260073;0.1611721611721611;0.1648351648351648;0.0805860805860805;0.1941391941391941;0.0842490842490842;0.0915750915750915;0.025830258302583;0.2398523985239852;0.1328413284132841;0.1549815498154981;0.2472324723247232;0.003690036900369;0.062730627306273;0.029520295202952;0.1033210332103321;0.665529734747607;0.3985239852398524;0.2673992673992674;2295.304323;28.0;80.0
7076.0;0.0;0.238095238095238;0.7523809523809524;0.0095238095238095;0.0159574468085106;0.0531914893617021;0.0797872340425532;0.0478723404255319;0.0531914893617021;0.0212765957446808;0.2978723404255319;0.0957446808510638;0.1223404255319148;0.1542553191489361;0.0585106382978723;0.0;0.0187793427230046;0.0;0.0516431924882629;0.136150234741784;0.0046948356807511;0.1267605633802817;0.0938967136150234;0.0469483568075117;0.2863849765258216;0.1173708920187793;0.1173708920187793;0.0295566502463054;0.1822660098522167;0.1182266009852216;0.1034482758620689;0.2758620689655172;0.0098522167487684;0.1231527093596059;0.0689655172413793;0.0886699507389162;0.460933977491881;0.3300492610837438;0.1596244131455399;2295.304323;38.0;72.5925925925926
7077.0;0.003610108303249;0.2310469314079422;0.7617328519855595;0.003610108303249;0.0092165898617511;0.0599078341013824;0.0737327188940092;0.0368663594470046;0.0184331797235023;0.0414746543778801;0.3225806451612903;0.0875576036866359;0.1474654377880184;0.1290322580645161;0.0737327188940092;0.0;0.007168458781362;0.0;0.050179211469534;0.1075268817204301;0.007168458781362;0.1326164874551971;0.060931899641577;0.039426523297491;0.3727598566308244;0.1039426523297491;0.1182795698924731;0.0296296296296296;0.137037037037037;0.0851851851851851;0.0851851851851851;0.2629629629629629;0.0111111111111111;0.1555555555555555;0.0814814814814814;0.1518518518518518;0.3287173095098944;0.2518518518518518;0.1075268817204301;2295.304323;50.0;63.70370370370371
7082.0;0.006514657980456;0.250814332247557;0.7361563517915309;0.006514657980456;0.0102739726027397;0.0582191780821917;0.0890410958904109;0.0513698630136986;0.0650684931506849;0.0445205479452054;0.2808219178082192;0.1027397260273972;0.0821917808219178;0.1472602739726027;0.0684931506849315;0.0;0.0032467532467532;0.0032467532467532;0.0389610389610389;0.172077922077922;0.0064935064935064;0.0941558441558441;0.0487012987012987;0.0259740259740259;0.3409090909090909;0.1071428571428571;0.1590909090909091;0.0236486486486486;0.1081081081081081;0.1081081081081081;0.1047297297297297;0.304054054054054;0.0033783783783783;0.1385135135135135;0.0608108108108108;0.1486486486486486;0.2775568771196616;0.2398648648648648;0.0779220779220779;2295.304323;54.0;60.74074074074074
7089.0;0.00418410041841;0.2217573221757322;0.7656903765690377;0.00836820083682;0.0197044334975369;0.064039408866995;0.0689655172413793;0.0344827586206896;0.0344827586206896;0.0295566502463054;0.2660098522167488;0.1034482758620689;0.1527093596059113;0.1477832512315271;0.0788177339901477;0.0;0.00836820083682;0.0;0.0376569037656903;0.1297071129707113;0.00418410041841;0.1255230125523012;0.0669456066945606;0.0292887029288702;0.3849372384937238;0.0878661087866108;0.1255230125523012;0.043103448275862;0.1206896551724138;0.1163793103448275;0.0818965517241379;0.2629310344827586;0.0043103448275862;0.1767241379310344;0.0775862068965517;0.1163793103448275;0.3454609145134603;0.2801724137931034;0.104602510460251;2295.304323;44.0;68.14814814814815
7090.0;0.007380073800738;0.2324723247232472;0.7564575645756457;0.003690036900369;0.0178571428571428;0.0446428571428571;0.0892857142857142;0.0401785714285714;0.03125;0.0491071428571428;0.3303571428571428;0.0625;0.1383928571428571;0.1205357142857142;0.0758928571428571;0.0;0.003690036900369;0.0;0.040590405904059;0.1439114391143911;0.003690036900369;0.1291512915129151;0.070110701107011;0.033210332103321;0.3357933579335793;0.088560885608856;0.1512915129151291;0.0304182509505703;0.1444866920152091;0.0988593155893536;0.0950570342205323;0.2585551330798479;0.0;0.1596958174904943;0.0798479087452471;0.1330798479087452;0.3441685298999432;0.2737642585551331;0.1070110701107011;2295.304323;45.0;67.4074074074074
7091.0;0.0024509803921568;0.1740196078431372;0.821078431372549;0.0024509803921568;0.0070921985815602;0.0673758865248227;0.1028368794326241;0.0141843971631205;0.0106382978723404;0.0531914893617021;0.4858156028368794;0.0283687943262411;0.0496453900709219;0.1489361702127659;0.0319148936170212;0.0;0.0073710073710073;0.0;0.0147420147420147;0.1744471744471744;0.0;0.1744471744471744;0.1277641277641277;0.054054054054054;0.2162162162162162;0.1105651105651105;0.1203931203931203;0.0150375939849624;0.2330827067669172;0.1177944862155388;0.1428571428571428;0.2781954887218045;0.0050125313283208;0.0802005012531328;0.0551378446115288;0.0726817042606516;0.5296780438036597;0.3659147869674185;0.1891891891891892;2295.304323;33.0;76.29629629629629
7092.0;0.0035714285714285;0.1678571428571428;0.825;0.0035714285714285;0.0;0.0851063829787234;0.1446808510638297;0.0468085106382978;0.0085106382978723;0.0595744680851063;0.4127659574468085;0.0382978723404255;0.0808510638297872;0.0851063829787234;0.0382978723404255;0.0;0.0071428571428571;0.0;0.025;0.1678571428571428;0.0035714285714285;0.1357142857142857;0.0857142857142857;0.0142857142857142;0.3464285714285714;0.1;0.1142857142857142;0.0147058823529411;0.1213235294117647;0.0955882352941176;0.1213235294117647;0.3272058823529412;0.0036764705882352;0.0955882352941176;0.0735294117647058;0.1470588235294117;0.3132200496202384;0.2316176470588235;0.1071428571428571;2295.304323;51.0;62.96296296296296
8001.0;0.0;0.2606837606837607;0.7393162393162394;0.0;0.0232558139534883;0.1023255813953488;0.1162790697674418;0.055813953488372;0.055813953488372;0.0744186046511627;0.227906976744186;0.0604651162790697;0.0651162790697674;0.1534883720930232;0.0651162790697674;0.0;0.025531914893617;0.0042553191489361;0.025531914893617;0.1234042553191489;0.0;0.1787234042553191;0.1319148936170212;0.0638297872340425;0.2127659574468085;0.1063829787234042;0.1276595744680851;0.0308370044052863;0.237885462555066;0.1365638766519823;0.13215859030837;0.2466960352422907;0.0;0.0572687224669603;0.0440528634361233;0.1145374449339207;0.0692720268996345;0.4052863436123348;0.2212765957446808;2100.4265;69.0;49.629629629629626
8003.0;0.0;0.2191011235955056;0.7696629213483146;0.0112359550561797;0.0163934426229508;0.081967213114754;0.0710382513661202;0.0491803278688524;0.0601092896174863;0.0765027322404371;0.2950819672131147;0.0655737704918032;0.0765027322404371;0.1366120218579235;0.0710382513661202;0.0;0.0111731843575419;0.0;0.0502793296089385;0.1396648044692737;0.0167597765363128;0.1396648044692737;0.0949720670391061;0.0335195530726257;0.2793296089385474;0.1284916201117318;0.106145251396648;0.0344827586206896;0.1781609195402299;0.1034482758620689;0.1206896551724138;0.2816091954022988;0.0114942528735632;0.0977011494252873;0.0344827586206896;0.1379310344827586;-0.1132442969931332;0.3160919540229885;0.1396648044692737;2100.4265;77.0;43.7037037037037
8006.0;0.0034364261168384;0.2027491408934708;0.7869415807560137;0.0068728522336769;0.0123456790123456;0.0493827160493827;0.0823045267489712;0.037037037037037;0.0329218106995884;0.0576131687242798;0.3909465020576131;0.0781893004115226;0.074074074074074;0.1481481481481481;0.037037037037037;0.0;0.0034364261168384;0.0;0.0343642611683848;0.1683848797250859;0.0034364261168384;0.0996563573883161;0.0446735395189003;0.0137457044673539;0.3745704467353952;0.0996563573883161;0.1580756013745704;0.0177304964539007;0.0851063829787234;0.0851063829787234;0.1170212765957446;0.3333333333333333;0.0035460992907801;0.1099290780141844;0.0921985815602836;0.1560283687943262;-0.3191050964542825;0.1879432624113475;0.0618556701030927;2100.4265;100.0;26.666666666666668
8007.0;0.0089285714285714;0.2321428571428571;0.7589285714285714;0.0;0.0158730158730158;0.0529100529100529;0.0793650793650793;0.0529100529100529;0.037037037037037;0.0476190476190476;0.3333333333333333;0.0529100529100529;0.1111111111111111;0.1481481481481481;0.0687830687830687;0.0;0.0045045045045045;0.0045045045045045;0.0495495495495495;0.1261261261261261;0.009009009009009;0.1261261261261261;0.0585585585585585;0.018018018018018;0.3693693693693693;0.1036036036036036;0.1306306306306306;0.0232558139534883;0.1255813953488372;0.0930232558139534;0.1162790697674418;0.2697674418604651;0.0093023255813953;0.1116279069767441;0.0651162790697674;0.1860465116279069;-0.2517997064627544;0.241860465116279;0.081081081081081;2100.4265;95.0;30.37037037037037
8010.0;0.0031545741324921;0.2460567823343848;0.7476340694006309;0.0031545741324921;0.0186567164179104;0.0708955223880597;0.085820895522388;0.0335820895522388;0.0223880597014925;0.0373134328358208;0.3843283582089552;0.0597014925373134;0.0895522388059701;0.1380597014925373;0.0597014925373134;0.0;0.0062893081761006;0.0;0.0534591194968553;0.1415094339622641;0.0031446540880503;0.1226415094339622;0.0566037735849056;0.040880503144654;0.3364779874213836;0.1037735849056603;0.1352201257861635;0.0256410256410256;0.1314102564102564;0.0961538461538461;0.1314102564102564;0.2243589743589743;0.0064102564102564;0.1538461538461538;0.0929487179487179;0.1378205128205128;-0.210991365629961;0.2532051282051282;0.1037735849056603;2100.4265;91.0;33.33333333333333
8011.0;0.0036363636363636;0.3018181818181818;0.6945454545454546;0.0;0.0085836909871244;0.0515021459227467;0.0686695278969957;0.03862660944206;0.0343347639484978;0.0515021459227467;0.2575107296137339;0.0901287553648068;0.1716738197424892;0.1545064377682403;0.0729613733905579;0.0;0.010948905109489;0.0072992700729927;0.0620437956204379;0.1094890510948905;0.0036496350364963;0.083941605839416;0.0401459854014598;0.0182481751824817;0.437956204379562;0.0802919708029197;0.145985401459854;0.0149253731343283;0.0820895522388059;0.0970149253731343;0.0783582089552238;0.2350746268656716;0.0186567164179104;0.1940298507462686;0.0820895522388059;0.1977611940298507;-0.3039091244408541;0.1940298507462686;0.0693430656934306;2100.4265;99.0;27.40740740740741
8012.0;0.0076923076923076;0.2871794871794871;0.7;0.0051282051282051;0.021021021021021;0.0960960960960961;0.081081081081081;0.036036036036036;0.027027027027027;0.039039039039039;0.3093093093093093;0.048048048048048;0.1111111111111111;0.1531531531531531;0.078078078078078;0.0;0.0103092783505154;0.0025773195876288;0.0644329896907216;0.1185567010309278;0.0077319587628865;0.0876288659793814;0.0489690721649484;0.0283505154639175;0.4046391752577319;0.0695876288659793;0.1572164948453608;0.0261096605744125;0.0939947780678851;0.1070496083550913;0.0861618798955613;0.2428198433420365;0.0078328981723237;0.1644908616187989;0.0966057441253263;0.1749347258485639;-0.2533077453773244;0.227154046997389;0.0876288659793814;2100.4265;96.0;29.629629629629623
8013.0;0.0077519379844961;0.2596899224806202;0.7170542635658915;0.0155038759689922;0.0266666666666666;0.08;0.0577777777777777;0.0488888888888888;0.0488888888888888;0.04;0.24;0.0844444444444444;0.1466666666666666;0.1333333333333333;0.0933333333333333;0.0;0.0038610038610038;0.0038610038610038;0.0733590733590733;0.1235521235521235;0.0115830115830115;0.0965250965250965;0.0386100386100386;0.0231660231660231;0.3822393822393822;0.1042471042471042;0.138996138996139;0.028;0.072;0.056;0.116;0.268;0.004;0.184;0.116;0.156;-0.3373003835583657;0.156;0.0656370656370656;2100.4265;102.0;25.185185185185183
8015.0;0.0117647058823529;0.3176470588235294;0.6647058823529411;0.0058823529411764;0.0304568527918781;0.0761421319796954;0.0761421319796954;0.0609137055837563;0.0558375634517766;0.0507614213197969;0.2538071065989847;0.0558375634517766;0.1472081218274111;0.1065989847715736;0.0862944162436548;0.0;0.0;0.0;0.0823529411764705;0.088235294117647;0.0117647058823529;0.0411764705882352;0.0235294117647058;0.0117647058823529;0.5470588235294118;0.0705882352941176;0.1235294117647058;0.0061728395061728;0.037037037037037;0.0679012345679012;0.0617283950617283;0.2469135802469135;0.0185185185185185;0.2345679012345679;0.0987654320987654;0.228395061728395;-0.4138226663123526;0.1111111111111111;0.0352941176470588;2100.4265;110.0;19.25925925925926
8017.0;0.0048543689320388;0.2815533980582524;0.6990291262135923;0.0145631067961165;0.0295566502463054;0.083743842364532;0.0689655172413793;0.0394088669950738;0.0394088669950738;0.0394088669950738;0.2512315270935961;0.0985221674876847;0.1477832512315271;0.1280788177339901;0.0738916256157635;0.0;0.0;0.0;0.0780487804878048;0.1121951219512195;0.0097560975609756;0.0585365853658536;0.0390243902439024;0.0146341463414634;0.5219512195121951;0.0634146341463414;0.1024390243902439;0.0199004975124378;0.0597014925373134;0.0597014925373134;0.0646766169154228;0.2338308457711442;0.0298507462686567;0.2139303482587064;0.0895522388059701;0.2288557213930348;-0.366752444213473;0.1393034825870646;0.0536585365853658;2100.4265;106.0;22.22222222222222
8028.0;0.0061162079510703;0.2568807339449541;0.7339449541284404;0.0030581039755351;0.0075471698113207;0.1245283018867924;0.0754716981132075;0.030188679245283;0.0226415094339622;0.0566037735849056;0.3433962264150943;0.0490566037735849;0.1056603773584905;0.1132075471698113;0.0716981132075471;0.0;0.0060975609756097;0.0030487804878048;0.0518292682926829;0.1432926829268292;0.0091463414634146;0.1219512195121951;0.0945121951219512;0.0213414634146341;0.3506097560975609;0.0884146341463414;0.1097560975609756;0.0156739811912225;0.128526645768025;0.115987460815047;0.1034482758620689;0.2163009404388714;0.0094043887147335;0.1536050156739812;0.0752351097178683;0.1818181818181818;-0.1798570076679574;0.2601880877742947;0.1219512195121951;2100.4265;87.0;36.2962962962963
8029.0;0.0034364261168384;0.2371134020618556;0.7457044673539519;0.0137457044673539;0.0156862745098039;0.1098039215686274;0.0784313725490196;0.0274509803921568;0.0235294117647058;0.0941176470588235;0.2901960784313726;0.0588235294117647;0.1058823529411764;0.1215686274509803;0.0745098039215686;0.0034246575342465;0.023972602739726;0.0034246575342465;0.0376712328767123;0.1506849315068493;0.0136986301369863;0.1541095890410959;0.1130136986301369;0.0376712328767123;0.2636986301369863;0.0924657534246575;0.1061643835616438;0.0176678445229682;0.1625441696113074;0.1413427561837456;0.1484098939929328;0.2756183745583039;0.0035335689045936;0.0989399293286219;0.0494699646643109;0.1024734982332155;-0.0592044943158369;0.3215547703180212;0.1746575342465753;2100.4265;76.0;44.44444444444444
8030.0;0.0023696682464454;0.2037914691943128;0.7725118483412322;0.0213270142180094;0.0126182965299684;0.0630914826498422;0.0725552050473186;0.0473186119873817;0.0189274447949526;0.0410094637223974;0.3533123028391167;0.0788643533123028;0.113564668769716;0.1608832807570978;0.0378548895899053;0.0;0.0330969267139479;0.0023640661938534;0.0212765957446808;0.1205673758865248;0.0047281323877068;0.1914893617021276;0.1560283687943262;0.0732860520094562;0.1985815602836879;0.1158392434988179;0.0827423167848699;0.0583941605839416;0.2700729927007299;0.1508515815085158;0.097323600973236;0.2116788321167883;0.0048661800486618;0.0802919708029197;0.048661800486618;0.0778588807785888;0.18274606317142;0.4793187347931873;0.2624113475177305;2100.4265;64.0;53.333333333333336
8031.0;0.0045871559633027;0.2660550458715596;0.7155963302752294;0.0137614678899082;0.0164835164835164;0.0494505494505494;0.0769230769230769;0.0659340659340659;0.0329670329670329;0.0494505494505494;0.2472527472527472;0.0934065934065934;0.1263736263736263;0.1483516483516483;0.0934065934065934;0.0;0.0180995475113122;0.0;0.0588235294117647;0.1176470588235294;0.0090497737556561;0.1402714932126696;0.0678733031674208;0.0407239819004524;0.3212669683257919;0.0723981900452488;0.1538461538461538;0.0382775119617224;0.1531100478468899;0.1052631578947368;0.1100478468899521;0.2870813397129186;0.0;0.124401913875598;0.0526315789473684;0.1291866028708134;-0.1461379804405483;0.2966507177033493;0.1266968325791855;2100.4265;82.0;40.0
8033.0;0.0;0.1452991452991453;0.8490028490028491;0.0056980056980056;0.0114068441064638;0.0760456273764258;0.1026615969581749;0.0342205323193916;0.026615969581749;0.0722433460076045;0.3878326996197718;0.0380228136882129;0.0760456273764258;0.1216730038022813;0.053231939163498;0.0;0.0564971751412429;0.0;0.0141242937853107;0.1073446327683615;0.0056497175141242;0.2005649717514124;0.2401129943502825;0.115819209039548;0.1016949152542373;0.096045197740113;0.0621468926553672;0.0352941176470588;0.4029411764705882;0.1441176470588235;0.1294117647058823;0.1794117647058823;0.0;0.038235294117647;0.0205882352941176;0.05;0.4732382362378255;0.5823529411764705;0.4124293785310735;2100.4265;37.0;73.33333333333333
8035.0;0.0056980056980056;0.1538461538461538;0.8404558404558404;0.0;0.0169491525423728;0.0813559322033898;0.1220338983050847;0.0203389830508474;0.0203389830508474;0.0644067796610169;0.4101694915254237;0.0338983050847457;0.0644067796610169;0.1254237288135593;0.0406779661016949;0.0;0.0057142857142857;0.0;0.0285714285714285;0.1685714285714285;0.0057142857142857;0.1371428571428571;0.0828571428571428;0.0314285714285714;0.2828571428571428;0.1257142857142857;0.1314285714285714;0.0205278592375366;0.1436950146627566;0.1114369501466275;0.1524926686217008;0.2463343108504398;0.0058651026392961;0.1055718475073313;0.0733137829912023;0.1407624633431085;-0.1712151578187077;0.2756598240469208;0.12;2100.4265;85.0;37.77777777777778
8039.0;0.0040983606557377;0.2745901639344262;0.7131147540983607;0.0081967213114754;0.0101522842639593;0.0710659898477157;0.065989847715736;0.0609137055837563;0.0203045685279187;0.0456852791878172;0.2944162436548223;0.1269035532994923;0.065989847715736;0.1928934010152284;0.0456852791878172;0.0;0.0040983606557377;0.0040983606557377;0.0327868852459016;0.1311475409836065;0.0040983606557377;0.1024590163934426;0.0737704918032786;0.0368852459016393;0.3770491803278688;0.0983606557377049;0.1352459016393442;0.0126050420168067;0.1260504201680672;0.0840336134453781;0.1092436974789916;0.3067226890756303;0.0042016806722689;0.1008403361344537;0.0924369747899159;0.1638655462184874;-0.2178448502156375;0.2226890756302521;0.1147540983606557;2100.4265;92.0;32.592592592592595
8040.0;0.0029411764705882;0.1764705882352941;0.8147058823529412;0.0058823529411764;0.0073529411764705;0.0808823529411764;0.088235294117647;0.0477941176470588;0.0294117647058823;0.0441176470588235;0.3897058823529412;0.0404411764705882;0.0955882352941176;0.1323529411764706;0.0441176470588235;0.0;0.0029411764705882;0.0058823529411764;0.0352941176470588;0.1411764705882353;0.0029411764705882;0.1117647058823529;0.0823529411764705;0.0294117647058823;0.3470588235294117;0.1;0.1411764705882353;0.0211480362537764;0.1178247734138972;0.0996978851963746;0.1238670694864048;0.2779456193353474;0.0060422960725075;0.1148036253776435;0.0906344410876132;0.148036253776435;-0.2061069525278751;0.2386706948640483;0.1147058823529411;2100.4265;90.0;34.07407407407408
8041.0;0.0051282051282051;0.2564102564102564;0.7282051282051282;0.0102564102564102;0.0153061224489795;0.0510204081632653;0.086734693877551;0.0510204081632653;0.0714285714285714;0.0510204081632653;0.2704081632653061;0.0918367346938775;0.0714285714285714;0.1581632653061224;0.0816326530612244;0.0;0.0102564102564102;0.0051282051282051;0.0461538461538461;0.1538461538461538;0.0051282051282051;0.0974358974358974;0.0666666666666666;0.0307692307692307;0.3333333333333333;0.1179487179487179;0.1333333333333333;0.0317460317460317;0.1164021164021164;0.1269841269841269;0.1216931216931216;0.2751322751322751;0.0052910052910052;0.1111111111111111;0.074074074074074;0.1375661375661375;-0.1891923809671351;0.2751322751322751;0.1076923076923077;2100.4265;89.0;34.81481481481482
8042.0;0.006578947368421;0.1710526315789473;0.819078947368421;0.0032894736842105;0.0076923076923076;0.0615384615384615;0.1;0.05;0.0384615384615384;0.0653846153846153;0.3538461538461538;0.0692307692307692;0.0538461538461538;0.1461538461538461;0.0538461538461538;0.0;0.009933774834437;0.0066225165562913;0.0231788079470198;0.1423841059602649;0.0033112582781456;0.1788079470198675;0.1490066225165563;0.0596026490066225;0.2152317880794702;0.1158940397350993;0.0960264900662251;0.0340136054421768;0.2244897959183673;0.1258503401360544;0.1360544217687075;0.282312925170068;0.0034013605442176;0.0612244897959183;0.0510204081632653;0.0816326530612244;0.0499013783614989;0.3843537414965986;0.2185430463576159;2100.4265;74.0;45.92592592592592
8043.0;0.0024813895781637;0.1662531017369727;0.8287841191066998;0.0024813895781637;0.0138408304498269;0.0622837370242214;0.1107266435986159;0.0311418685121107;0.0207612456747404;0.0588235294117647;0.4740484429065744;0.0415224913494809;0.0415224913494809;0.1107266435986159;0.0346020761245674;0.0;0.0398009950248756;0.0024875621890547;0.017412935323383;0.1293532338308457;0.0024875621890547;0.2313432835820895;0.1990049751243781;0.0845771144278607;0.1194029850746268;0.1044776119402985;0.0696517412935323;0.0432569974554707;0.3486005089058524;0.1272264631043257;0.1374045801526717;0.1908396946564885;0.0076335877862595;0.0610687022900763;0.0432569974554707;0.0407124681933842;0.2992511468210342;0.5190839694656488;0.3233830845771144;2100.4265;52.0;62.22222222222222
8044.0;0.0026666666666666;0.2266666666666666;0.76;0.0106666666666666;0.0105633802816901;0.0387323943661971;0.0598591549295774;0.0387323943661971;0.0352112676056338;0.0246478873239436;0.3591549295774648;0.130281690140845;0.1056338028169014;0.1443661971830986;0.0528169014084507;0.0;0.0160427807486631;0.0026737967914438;0.0294117647058823;0.141711229946524;0.0026737967914438;0.1898395721925133;0.1310160427807486;0.0695187165775401;0.2058823529411764;0.1016042780748663;0.1096256684491978;0.0470914127423822;0.2742382271468144;0.1246537396121883;0.1191135734072022;0.2409972299168975;0.002770083102493;0.0720221606648199;0.0526315789473684;0.0664819944598338;0.0926230495413186;0.445983379501385;0.2165775401069518;2100.4265;68.0;50.37037037037037
8054.0;0.0031645569620253;0.170886075949367;0.8259493670886076;0.0;0.0072992700729927;0.0766423357664233;0.1204379562043795;0.0401459854014598;0.0328467153284671;0.0693430656934306;0.3722627737226277;0.0474452554744525;0.0802919708029197;0.1094890510948905;0.0437956204379562;0.0031545741324921;0.0126182965299684;0.0;0.0252365930599369;0.1482649842271293;0.0031545741324921;0.1261829652996845;0.085173501577287;0.0347003154574132;0.3470031545741325;0.1009463722397476;0.113564668769716;0.0194805194805194;0.1655844155844155;0.0974025974025974;0.1103896103896103;0.2922077922077922;0.0032467532467532;0.1103896103896103;0.0649350649350649;0.1363636363636363;-0.1483347840947224;0.2824675324675325;0.1324921135646687;2100.4265;83.0;39.25925925925926
8055.0;0.0;0.2100456621004566;0.7808219178082192;0.0091324200913242;0.010204081632653;0.1071428571428571;0.0918367346938775;0.0357142857142857;0.0510204081632653;0.0510204081632653;0.336734693877551;0.0612244897959183;0.0612244897959183;0.1377551020408163;0.0561224489795918;0.0;0.0136986301369863;0.0;0.0319634703196347;0.1415525114155251;0.0091324200913242;0.1050228310502283;0.0776255707762557;0.0319634703196347;0.3150684931506849;0.1232876712328767;0.1506849315068493;0.0189573459715639;0.1469194312796208;0.0853080568720379;0.1184834123222748;0.3127962085308057;0.0;0.1184834123222748;0.0710900473933649;0.1279620853080568;-0.1845986064270873;0.2511848341232227;0.1232876712328767;2100.4265;88.0;35.55555555555556
8056.0;0.0041152263374485;0.1440329218106996;0.8477366255144033;0.0041152263374485;0.0054054054054054;0.1027027027027027;0.1027027027027027;0.0108108108108108;0.0324324324324324;0.0756756756756756;0.4486486486486487;0.027027027027027;0.0486486486486486;0.1081081081081081;0.0378378378378378;0.0;0.0329218106995884;0.0041152263374485;0.0082304526748971;0.1522633744855967;0.0;0.1687242798353909;0.139917695473251;0.0699588477366255;0.1851851851851851;0.1275720164609053;0.1111111111111111;0.0466101694915254;0.25;0.1271186440677966;0.1483050847457627;0.2245762711864407;0.0042372881355932;0.0677966101694915;0.0508474576271186;0.0805084745762711;0.1136510639594833;0.423728813559322;0.242798353909465;2100.4265;66.0;51.85185185185185
8057.0;0.0048899755501222;0.1418092909535452;0.8459657701711492;0.0073349633251833;0.0064935064935064;0.0584415584415584;0.1136363636363636;0.0227272727272727;0.0454545454545454;0.0616883116883116;0.4155844155844156;0.0422077922077922;0.0746753246753246;0.1168831168831168;0.0422077922077922;0.0;0.0319410319410319;0.0049140049140049;0.0073710073710073;0.1425061425061425;0.0024570024570024;0.2014742014742014;0.2162162162162162;0.0737100737100737;0.1351351351351351;0.1031941031941031;0.081081081081081;0.0327455919395466;0.2997481108312342;0.1612090680100755;0.1460957178841309;0.198992443324937;0.0050377833753148;0.052896725440806;0.0403022670025188;0.0629722921914357;0.2783341893585851;0.4937027707808564;0.3218673218673218;2100.4265;53.0;61.48148148148148
8058.0;0.0031152647975077;0.1433021806853582;0.8504672897196262;0.0031152647975077;0.0080971659919028;0.0850202429149797;0.117408906882591;0.0242914979757085;0.0364372469635627;0.0566801619433198;0.437246963562753;0.0242914979757085;0.048582995951417;0.1255060728744939;0.0364372469635627;0.0;0.0493827160493827;0.0;0.0123456790123456;0.0833333333333333;0.0;0.2098765432098765;0.3024691358024691;0.0987654320987654;0.0833333333333333;0.1080246913580246;0.0524691358024691;0.0473186119873817;0.3817034700315457;0.1419558359621451;0.1577287066246056;0.1703470031545741;0.0063091482649842;0.0441640378548895;0.0189274447949526;0.0315457413249211;0.5194045403968456;0.5709779179810726;0.4506172839506173;2100.4265;34.0;75.55555555555556
8059.0;0.003003003003003;0.1171171171171171;0.8768768768768769;0.003003003003003;0.0087336244541484;0.074235807860262;0.1135371179039301;0.0131004366812227;0.0087336244541484;0.056768558951965;0.5109170305676856;0.0349344978165938;0.0480349344978165;0.1048034934497816;0.0262008733624454;0.0;0.0271903323262839;0.0060422960725075;0.0271903323262839;0.1359516616314199;0.0;0.1993957703927492;0.2356495468277945;0.0574018126888217;0.1359516616314199;0.0906344410876132;0.0845921450151057;0.0339506172839506;0.2932098765432099;0.132716049382716;0.1851851851851851;0.2098765432098765;0.0030864197530864;0.0462962962962962;0.0462962962962962;0.0493827160493827;0.2510212694088395;0.4598765432098766;0.3202416918429003;2100.4265;58.0;57.77777777777777
8061.0;0.0;0.1186868686868686;0.8813131313131313;0.0;0.0071428571428571;0.075;0.1035714285714285;0.0071428571428571;0.0107142857142857;0.0428571428571428;0.5285714285714286;0.0285714285714285;0.0535714285714285;0.1035714285714285;0.0392857142857142;0.0;0.040506329113924;0.0025316455696202;0.010126582278481;0.1468354430379747;0.0025316455696202;0.1848101265822785;0.1873417721518987;0.0658227848101265;0.1721518987341772;0.0987341772151898;0.0886075949367088;0.0284237726098191;0.2816537467700258;0.1498708010335917;0.1317829457364341;0.2248062015503876;0.0;0.0749354005167958;0.041343669250646;0.0671834625322997;0.2131050648538166;0.4599483204134367;0.2936708860759494;2100.4265;60.0;56.2962962962963
8063.0;0.0023640661938534;0.1702127659574468;0.817966903073286;0.0094562647754137;0.018018018018018;0.081081081081081;0.1021021021021021;0.024024024024024;0.03003003003003;0.0990990990990991;0.3873873873873873;0.027027027027027;0.045045045045045;0.1471471471471471;0.039039039039039;0.0;0.0541176470588235;0.0023529411764705;0.0094117647058823;0.1105882352941176;0.0023529411764705;0.2164705882352941;0.2305882352941176;0.0964705882352941;0.1129411764705882;0.0988235294117647;0.0658823529411764;0.036144578313253;0.363855421686747;0.1373493975903614;0.1518072289156626;0.1831325301204819;0.0024096385542168;0.0506024096385542;0.0289156626506024;0.0457831325301204;0.3953309322574299;0.5373493975903615;0.3811764705882353;2100.4265;41.0;70.37037037037037
8066.0;0.0027624309392265;0.1823204419889502;0.8149171270718232;0.0;0.0;0.1293375394321766;0.1167192429022082;0.0157728706624605;0.0094637223974763;0.1198738170347003;0.3911671924290221;0.0126182965299684;0.0599369085173501;0.1009463722397476;0.0441640378548895;0.0;0.0081967213114754;0.0;0.0218579234972677;0.1584699453551912;0.0027322404371584;0.133879781420765;0.1147540983606557;0.0327868852459016;0.2896174863387978;0.1065573770491803;0.1311475409836065;0.0140449438202247;0.1573033707865168;0.1123595505617977;0.146067415730337;0.2865168539325842;0.0;0.0870786516853932;0.0533707865168539;0.1432584269662921;-0.1142009025582217;0.2837078651685393;0.1557377049180328;2100.4265;78.0;42.96296296296296
8068.0;0.0;0.1444444444444444;0.8518518518518519;0.0037037037037037;0.0;0.1164021164021164;0.0899470899470899;0.0158730158730158;0.0;0.0846560846560846;0.4656084656084656;0.0158730158730158;0.0317460317460317;0.1375661375661375;0.0423280423280423;0.0;0.051660516605166;0.003690036900369;0.007380073800738;0.1476014760147601;0.0;0.1881918819188192;0.2472324723247232;0.1070110701107011;0.1070110701107011;0.077490774907749;0.062730627306273;0.0304182509505703;0.3840304182509506;0.1634980988593156;0.1330798479087452;0.1749049429657794;0.0038022813688212;0.053231939163498;0.026615969581749;0.0304182509505703;0.4606585009991347;0.5779467680608366;0.4059040590405904;2100.4265;39.0;71.85185185185186
8069.0;0.0;0.1423076923076923;0.85;0.0076923076923076;0.0053191489361702;0.0851063829787234;0.1063829787234042;0.0212765957446808;0.0159574468085106;0.0744680851063829;0.4308510638297872;0.0425531914893617;0.0638297872340425;0.1117021276595744;0.0425531914893617;0.0;0.049618320610687;0.0038167938931297;0.015267175572519;0.1526717557251908;0.0038167938931297;0.1870229007633587;0.1717557251908397;0.0534351145038167;0.1526717557251908;0.1183206106870229;0.0916030534351145;0.0395256916996047;0.2924901185770751;0.1462450592885375;0.1146245059288537;0.225296442687747;0.0;0.0790513833992094;0.0276679841897233;0.075098814229249;0.199680804928675;0.4782608695652173;0.2748091603053435;2100.4265;62.0;54.81481481481482
8070.0;0.0;0.238095238095238;0.7545787545787546;0.0073260073260073;0.0242718446601941;0.0922330097087378;0.0825242718446602;0.029126213592233;0.0242718446601941;0.087378640776699;0.3446601941747573;0.0533980582524271;0.0776699029126213;0.1359223300970873;0.0485436893203883;0.0;0.0219780219780219;0.0036630036630036;0.0109890109890109;0.1282051282051282;0.0036630036630036;0.2014652014652014;0.1648351648351648;0.0915750915750915;0.1684981684981685;0.0989010989010989;0.1062271062271062;0.037174721189591;0.312267657992565;0.1078066914498141;0.1301115241635687;0.2490706319702602;0.0;0.0594795539033457;0.0334572490706319;0.070631970260223;0.1892723428314096;0.4572490706319703;0.2783882783882784;2100.4265;63.0;54.07407407407408
8072.0;0.0043103448275862;0.1939655172413793;0.8017241379310345;0.0;0.0049504950495049;0.1584158415841584;0.1584158415841584;0.0247524752475247;0.0049504950495049;0.1089108910891089;0.3217821782178218;0.0148514851485148;0.0594059405940594;0.094059405940594;0.0495049504950495;0.0;0.008695652173913;0.0043478260869565;0.017391304347826;0.1565217391304348;0.008695652173913;0.108695652173913;0.1;0.0260869565217391;0.3347826086956522;0.1043478260869565;0.1304347826086956;0.0133333333333333;0.1333333333333333;0.0933333333333333;0.1377777777777777;0.2977777777777777;0.0044444444444444;0.1111111111111111;0.0533333333333333;0.1555555555555555;-0.1764355949680758;0.24;0.1347826086956521;2100.4265;86.0;37.03703703703704
9003.0;0.0046728971962616;0.2149532710280373;0.7429906542056075;0.0373831775700934;0.0251046025104602;0.0502092050209205;0.0585774058577405;0.0920502092050209;0.1129707112970711;0.0627615062761506;0.1757322175732217;0.100418410041841;0.0460251046025104;0.205020920502092;0.0711297071129707;0.0;0.064516129032258;0.0;0.032258064516129;0.0691244239631336;0.0138248847926267;0.1935483870967742;0.2995391705069124;0.1152073732718894;0.0875576036866359;0.0783410138248847;0.0460829493087557;0.0531400966183574;0.4589371980676328;0.1159420289855072;0.1159420289855072;0.1352657004830917;0.0048309178743961;0.0338164251207729;0.0193236714975845;0.0628019323671497;-0.7987852103465046;0.6280193236714976;0.4792626728110599;1590.3343225;124.0;8.88888888888889
9006.0;0.0048543689320388;0.1990291262135922;0.7621359223300971;0.0339805825242718;0.0368852459016393;0.0901639344262295;0.0532786885245901;0.0614754098360655;0.1352459016393442;0.0860655737704918;0.1680327868852459;0.0778688524590164;0.0573770491803278;0.1393442622950819;0.0942622950819672;0.0;0.0490196078431372;0.0;0.0490196078431372;0.0980392156862745;0.0196078431372549;0.1666666666666666;0.2696078431372549;0.0931372549019607;0.0931372549019607;0.1127450980392156;0.0490196078431372;0.0507614213197969;0.365482233502538;0.1218274111675127;0.1472081218274111;0.182741116751269;0.0050761421319796;0.0355329949238578;0.0101522842639593;0.0812182741116751;-0.9616900559699224;0.5380710659898477;0.4117647058823529;1590.3343225;126.0;7.4074074074074066
9007.0;0.0031055900621118;0.217391304347826;0.7639751552795031;0.015527950310559;0.0288184438040345;0.100864553314121;0.069164265129683;0.0461095100864553;0.1066282420749279;0.132564841498559;0.1757925072046109;0.063400576368876;0.0489913544668587;0.1354466858789625;0.0922190201729106;0.0;0.0588235294117647;0.0;0.0309597523219814;0.0804953560371517;0.0061919504643962;0.2136222910216718;0.2724458204334365;0.1114551083591331;0.0897832817337461;0.0897832817337461;0.0464396284829721;0.0610932475884244;0.3987138263665595;0.1446945337620578;0.135048231511254;0.1607717041800643;0.0064308681672025;0.0289389067524115;0.0128617363344051;0.0514469453376205;-0.8683719669662645;0.6045016077170418;0.4427244582043343;1590.3343225;125.0;8.148148148148149
9011.0;0.0044843049327354;0.2600896860986547;0.726457399103139;0.0089686098654708;0.036734693877551;0.0612244897959183;0.073469387755102;0.0653061224489796;0.110204081632653;0.0612244897959183;0.1959183673469387;0.1142857142857142;0.0775510204081632;0.1306122448979592;0.073469387755102;0.0;0.0089285714285714;0.0;0.0625;0.125;0.0133928571428571;0.1294642857142857;0.0803571428571428;0.0446428571428571;0.2991071428571428;0.1026785714285714;0.1339285714285714;0.013953488372093;0.1348837209302325;0.0883720930232558;0.1255813953488372;0.2790697674418604;0.0046511627906976;0.1116279069767441;0.0697674418604651;0.1720930232558139;-1.5809819015821582;0.2372093023255814;0.1339285714285714;1590.3343225;135.0;0.7407407407407408
9012.0;0.0051020408163265;0.2448979591836734;0.7295918367346939;0.0204081632653061;0.0313901345291479;0.0896860986547085;0.0762331838565022;0.0582959641255605;0.1076233183856502;0.0672645739910313;0.1883408071748878;0.0717488789237668;0.0672645739910313;0.1614349775784753;0.0807174887892376;0.0;0.015625;0.0;0.0520833333333333;0.1197916666666666;0.0208333333333333;0.1354166666666666;0.1145833333333333;0.0520833333333333;0.2760416666666667;0.109375;0.1041666666666666;0.0158730158730158;0.1693121693121693;0.0952380952380952;0.0952380952380952;0.3068783068783068;0.0052910052910052;0.0846560846560846;0.0634920634920634;0.164021164021164;-1.4799465132410408;0.2804232804232804;0.1822916666666666;1590.3343225;134.0;1.4814814814814816
9036.0;0.0;0.2522935779816513;0.7431192660550459;0.0045871559633027;0.0212765957446808;0.0978723404255319;0.0638297872340425;0.0468085106382978;0.0893617021276595;0.1234042553191489;0.1872340425531914;0.0425531914893617;0.0553191489361702;0.1787234042553191;0.0936170212765957;0.0;0.0230414746543778;0.0;0.0460829493087557;0.1105990783410138;0.0046082949308755;0.1981566820276497;0.1566820276497695;0.0737327188940092;0.184331797235023;0.1152073732718894;0.0875576036866359;0.0327102803738317;0.2710280373831775;0.1121495327102803;0.1355140186915887;0.2523364485981308;0.0046728971962616;0.0700934579439252;0.0327102803738317;0.0887850467289719;-1.2781759284178755;0.4158878504672897;0.2534562211981567;1590.3343225;131.0;3.7037037037037033
9046.0;0.0;0.2235294117647059;0.7294117647058823;0.0470588235294117;0.0365296803652968;0.0547945205479452;0.0547945205479452;0.0821917808219178;0.1415525114155251;0.0821917808219178;0.1461187214611872;0.091324200913242;0.045662100456621;0.2009132420091324;0.0639269406392694;0.0;0.0357142857142857;0.0;0.0357142857142857;0.0952380952380952;0.0119047619047619;0.1785714285714285;0.238095238095238;0.0654761904761904;0.1607142857142857;0.0952380952380952;0.0833333333333333;0.0426829268292682;0.3109756097560975;0.1341463414634146;0.1219512195121951;0.2378048780487804;0.0;0.048780487804878;0.0304878048780487;0.073170731707317;-1.1023966380654455;0.4878048780487805;0.3392857142857143;1590.3343225;128.0;5.925925925925927
9052.0;0.0;0.2346368715083799;0.7486033519553073;0.0167597765363128;0.0384615384615384;0.0811965811965812;0.0726495726495726;0.0641025641025641;0.1068376068376068;0.1025641025641025;0.141025641025641;0.0641025641025641;0.0598290598290598;0.1837606837606837;0.0854700854700854;0.0055555555555555;0.0166666666666666;0.0;0.0444444444444444;0.0777777777777777;0.0111111111111111;0.1722222222222222;0.1888888888888888;0.0888888888888888;0.2166666666666666;0.1;0.0777777777777777;0.0170454545454545;0.2897727272727273;0.1022727272727272;0.1079545454545454;0.2727272727272727;0.0;0.0681818181818181;0.0227272727272727;0.1193181818181818;-1.2246258517386237;0.4090909090909091;0.2944444444444444;1590.3343225;130.0;4.444444444444445
9056.0;0.0;0.196078431372549;0.7990196078431373;0.0049019607843137;0.0207253886010362;0.1036269430051813;0.0984455958549222;0.0310880829015544;0.0466321243523316;0.1295336787564766;0.2642487046632124;0.0310880829015544;0.0518134715025906;0.1450777202072538;0.077720207253886;0.0;0.0443349753694581;0.0;0.0295566502463054;0.0935960591133004;0.0049261083743842;0.2019704433497537;0.2364532019704433;0.0886699507389162;0.1428571428571428;0.083743842364532;0.0738916256157635;0.0304568527918781;0.3756345177664975;0.1218274111675127;0.1218274111675127;0.1878172588832487;0.0;0.0406091370558375;0.0406091370558375;0.0812182741116751;-1.0296456785593455;0.5279187817258884;0.3694581280788177;1590.3343225;127.0;6.666666666666667
9083.0;0.0;0.2234636871508379;0.770949720670391;0.0055865921787709;0.0284360189573459;0.0710900473933649;0.0853080568720379;0.0616113744075829;0.1090047393364928;0.0900473933649289;0.1990521327014218;0.0758293838862559;0.0616113744075829;0.1516587677725118;0.0663507109004739;0.0;0.0111111111111111;0.0;0.0333333333333333;0.15;0.0055555555555555;0.1944444444444444;0.1666666666666666;0.0388888888888888;0.1888888888888888;0.1111111111111111;0.1;0.0231213872832369;0.2716763005780346;0.1156069364161849;0.1560693641618497;0.2485549132947976;0.0057803468208092;0.0578034682080924;0.0346820809248554;0.0867052023121387;-1.3347984415429277;0.4104046242774566;0.2166666666666666;1590.3343225;132.0;2.9629629629629632
10001.0;0.0038022813688212;0.2433460076045627;0.7452471482889734;0.0076045627376425;0.0173611111111111;0.09375;0.0902777777777777;0.0520833333333333;0.0798611111111111;0.1006944444444444;0.2048611111111111;0.0381944444444444;0.0798611111111111;0.1423611111111111;0.1006944444444444;0.0;0.0190114068441064;0.0038022813688212;0.0874524714828897;0.1292775665399239;0.026615969581749;0.1140684410646387;0.0874524714828897;0.0342205323193916;0.2927756653992395;0.1026615969581749;0.1026615969581749;0.0232558139534883;0.1395348837209302;0.0968992248062015;0.1124031007751938;0.2906976744186046;0.003875968992248;0.0852713178294573;0.0426356589147286;0.2054263565891473;-0.418010399095337;0.2596899224806202;0.1406844106463878;2004.12252;111.0;18.51851851851852
10002.0;0.0049019607843137;0.2352941176470588;0.7549019607843137;0.0049019607843137;0.0301724137931034;0.0862068965517241;0.0905172413793103;0.0732758620689655;0.0862068965517241;0.0474137931034482;0.2327586206896551;0.0603448275862069;0.0732758620689655;0.1120689655172413;0.1077586206896551;0.0;0.0147058823529411;0.0049019607843137;0.0588235294117647;0.1078431372549019;0.0049019607843137;0.1029411764705882;0.0980392156862745;0.0441176470588235;0.3088235294117647;0.1176470588235294;0.1372549019607843;0.0153061224489795;0.1428571428571428;0.1173469387755102;0.086734693877551;0.2857142857142857;0.0;0.096938775510204;0.0459183673469387;0.2091836734693877;-0.383204227457166;0.2755102040816326;0.1568627450980392;2004.12252;107.0;21.48148148148148
10003.0;0.0;0.169172932330827;0.8157894736842105;0.0150375939849624;0.0334728033472803;0.0836820083682008;0.0794979079497908;0.0376569037656903;0.0502092050209205;0.0711297071129707;0.2970711297071129;0.0585774058577405;0.0502092050209205;0.1799163179916318;0.0585774058577405;0.0;0.0524344569288389;0.0;0.0224719101123595;0.0861423220973782;0.0;0.2134831460674157;0.2808988764044944;0.0936329588014981;0.1048689138576779;0.0861423220973782;0.0599250936329588;0.0807692307692307;0.3846153846153846;0.1576923076923077;0.123076923076923;0.1653846153846153;0.0038461538461538;0.0384615384615384;0.023076923076923;0.023076923076923;0.259542267198529;0.6230769230769231;0.4269662921348315;2004.12252;56.0;59.25925925925925
10016.0;0.0044642857142857;0.2008928571428571;0.7901785714285714;0.0044642857142857;0.0330578512396694;0.0867768595041322;0.0785123966942148;0.0537190082644628;0.0785123966942148;0.1115702479338843;0.2314049586776859;0.0330578512396694;0.0619834710743801;0.140495867768595;0.0909090909090909;0.0;0.0133333333333333;0.0044444444444444;0.0577777777777777;0.12;0.0133333333333333;0.1288888888888889;0.1155555555555555;0.0444444444444444;0.2755555555555555;0.1155555555555555;0.1111111111111111;0.0182648401826484;0.1506849315068493;0.1187214611872146;0.1095890410958904;0.319634703196347;0.0045662100456621;0.0958904109589041;0.0410958904109589;0.1415525114155251;-0.350683789288428;0.2876712328767123;0.1733333333333333;2004.12252;103.0;24.444444444444443
10019.0;0.0042553191489361;0.1617021276595744;0.825531914893617;0.0085106382978723;0.0111731843575419;0.0391061452513966;0.0837988826815642;0.0391061452513966;0.0335195530726257;0.0446927374301676;0.4804469273743016;0.0893854748603352;0.0446927374301676;0.1117318435754189;0.0223463687150838;0.0;0.0216450216450216;0.0043290043290043;0.0216450216450216;0.1601731601731601;0.0;0.2034632034632034;0.1341991341991342;0.0692640692640692;0.1515151515151515;0.1341991341991342;0.0995670995670995;0.052863436123348;0.2687224669603524;0.1497797356828193;0.1365638766519823;0.2334801762114537;0.0044052863436123;0.052863436123348;0.039647577092511;0.0616740088105726;-0.140989777364479;0.4713656387665198;0.2251082251082251;2004.12252;81.0;40.74074074074074
10021.0;0.0092165898617511;0.1935483870967742;0.7926267281105991;0.0046082949308755;0.0116279069767441;0.0465116279069767;0.0988372093023255;0.0290697674418604;0.0174418604651162;0.0348837209302325;0.436046511627907;0.0872093023255814;0.0813953488372093;0.1046511627906976;0.0523255813953488;0.0;0.0046082949308755;0.0046082949308755;0.0414746543778801;0.1658986175115207;0.0046082949308755;0.0829493087557603;0.064516129032258;0.0230414746543778;0.3594470046082949;0.1244239631336405;0.1244239631336405;0.0140845070422535;0.0985915492957746;0.0938967136150234;0.1267605633802817;0.3708920187793427;0.0;0.0938967136150234;0.0938967136150234;0.107981220657277;-0.5265840787111487;0.2065727699530516;0.0921658986175115;2004.12252;116.0;14.814814814814811
10023.0;0.0;0.2274881516587677;0.7677725118483413;0.0047393364928909;0.0217391304347826;0.0695652173913043;0.0869565217391304;0.0478260869565217;0.0826086956521739;0.0347826086956521;0.2434782608695652;0.0956521739130434;0.0652173913043478;0.1869565217391304;0.0652173913043478;0.0;0.0094786729857819;0.0047393364928909;0.0379146919431279;0.1469194312796208;0.0;0.1800947867298578;0.1184834123222748;0.0426540284360189;0.2085308056872037;0.1421800947867298;0.1090047393364928;0.0382775119617224;0.1961722488038277;0.1291866028708134;0.1483253588516746;0.2631578947368421;0.0047846889952153;0.0861244019138756;0.0334928229665071;0.1004784688995215;-0.2984456208975247;0.3636363636363636;0.1706161137440758;2004.12252;98.0;28.14814814814815
10026.0;0.005813953488372;0.2558139534883721;0.7151162790697675;0.0232558139534883;0.0172413793103448;0.0344827586206896;0.0459770114942528;0.0747126436781609;0.0689655172413793;0.0632183908045977;0.2068965517241379;0.160919540229885;0.0804597701149425;0.1896551724137931;0.057471264367816;0.0;0.005813953488372;0.0;0.0406976744186046;0.127906976744186;0.005813953488372;0.1220930232558139;0.1104651162790697;0.0581395348837209;0.2616279069767442;0.1395348837209302;0.127906976744186;0.0181818181818181;0.1575757575757575;0.0909090909090909;0.1333333333333333;0.3090909090909091;0.0121212121212121;0.0848484848484848;0.0606060606060606;0.1333333333333333;-0.3646505728529842;0.2666666666666666;0.1744186046511628;2004.12252;105.0;22.96296296296296
10034.0;0.0038461538461538;0.2038461538461538;0.7884615384615384;0.0038461538461538;0.0236220472440944;0.0551181102362204;0.0787401574803149;0.0669291338582677;0.0669291338582677;0.0433070866141732;0.3070866141732283;0.0629921259842519;0.0708661417322834;0.1496062992125984;0.0748031496062992;0.0;0.0077220077220077;0.0038610038610038;0.0463320463320463;0.1274131274131274;0.0077220077220077;0.1196911196911196;0.0926640926640926;0.0231660231660231;0.332046332046332;0.1274131274131274;0.1119691119691119;0.0235294117647058;0.1529411764705882;0.1058823529411764;0.1215686274509803;0.2980392156862745;0.0;0.0941176470588235;0.0823529411764705;0.1215686274509803;-0.425749308606457;0.2823529411764706;0.1235521235521235;2004.12252;112.0;17.77777777777778
10052.0;0.0051282051282051;0.2461538461538461;0.7333333333333333;0.0153846153846153;0.0284360189573459;0.0331753554502369;0.0473933649289099;0.0710900473933649;0.0758293838862559;0.0473933649289099;0.1943127962085308;0.1469194312796208;0.0758293838862559;0.2180094786729857;0.0616113744075829;0.0;0.0204081632653061;0.0051020408163265;0.0255102040816326;0.1122448979591836;0.0;0.1428571428571428;0.1020408163265306;0.0816326530612244;0.2551020408163265;0.1377551020408163;0.1173469387755102;0.0423280423280423;0.201058201058201;0.1481481481481481;0.1164021164021164;0.2539682539682539;0.0052910052910052;0.0793650793650793;0.0423280423280423;0.1111111111111111;-0.2300136358191326;0.3915343915343915;0.2040816326530612;2004.12252;93.0;31.85185185185185
10056.0;0.0057471264367816;0.2471264367816092;0.7126436781609196;0.0344827586206896;0.0277777777777777;0.0388888888888888;0.05;0.0722222222222222;0.0833333333333333;0.0611111111111111;0.1888888888888888;0.1277777777777777;0.0722222222222222;0.2111111111111111;0.0666666666666666;0.0;0.0404624277456647;0.0;0.0057803468208092;0.1502890173410404;0.0057803468208092;0.1965317919075144;0.1965317919075144;0.1040462427745664;0.1213872832369942;0.1098265895953757;0.0693641618497109;0.0465116279069767;0.3604651162790697;0.1569767441860465;0.1220930232558139;0.1744186046511628;0.0;0.063953488372093;0.0116279069767441;0.063953488372093;0.0930768814506893;0.5639534883720929;0.3410404624277456;2004.12252;67.0;51.11111111111111
10066.0;0.0045454545454545;0.1818181818181818;0.8136363636363636;0.0;0.0150753768844221;0.1306532663316583;0.0703517587939698;0.0402010050251256;0.0402010050251256;0.1055276381909547;0.3065326633165829;0.0351758793969849;0.0703517587939698;0.1206030150753768;0.0653266331658291;0.0;0.0228310502283105;0.0;0.0228310502283105;0.0867579908675799;0.0136986301369863;0.1643835616438356;0.2420091324200913;0.0776255707762557;0.1780821917808219;0.1050228310502283;0.0867579908675799;0.0325581395348837;0.3162790697674418;0.1255813953488372;0.1395348837209302;0.213953488372093;0.0;0.0651162790697674;0.027906976744186;0.0790697674418604;0.0289675944281235;0.4744186046511628;0.3424657534246575;2004.12252;75.0;45.18518518518518
10068.0;0.0085470085470085;0.2051282051282051;0.782051282051282;0.0042735042735042;0.011049723756906;0.0552486187845303;0.0828729281767955;0.0276243093922651;0.0441988950276243;0.0552486187845303;0.4419889502762431;0.0773480662983425;0.0552486187845303;0.1160220994475138;0.0331491712707182;0.0;0.0085106382978723;0.0042553191489361;0.0340425531914893;0.1659574468085106;0.0042553191489361;0.1319148936170212;0.0680851063829787;0.0297872340425531;0.2765957446808511;0.1446808510638297;0.1319148936170212;0.0176211453744493;0.1365638766519823;0.1365638766519823;0.1277533039647577;0.3083700440528634;0.0;0.092511013215859;0.066079295154185;0.1145374449339207;-0.4440810146161398;0.2907488986784141;0.1063829787234042;2004.12252;114.0;16.296296296296298
10069.0;0.0;0.1366279069767441;0.8517441860465116;0.0116279069767441;0.018796992481203;0.093984962406015;0.1015037593984962;0.0150375939849624;0.0225563909774436;0.0789473684210526;0.3646616541353383;0.0263157894736842;0.0714285714285714;0.1541353383458646;0.0526315789473684;0.002906976744186;0.0319767441860465;0.0;0.0203488372093023;0.1017441860465116;0.0;0.1773255813953488;0.2703488372093023;0.0726744186046511;0.1366279069767441;0.1104651162790697;0.0755813953488372;0.0662650602409638;0.3433734939759036;0.1325301204819277;0.1265060240963855;0.1927710843373494;0.0060240963855421;0.0421686746987951;0.0331325301204819;0.0572289156626506;0.1255104416862122;0.5421686746987951;0.375;2004.12252;65.0;52.59259259259259
10070.0;0.0030864197530864;0.1234567901234567;0.8703703703703703;0.0030864197530864;0.0120967741935483;0.0927419354838709;0.0887096774193548;0.0241935483870967;0.032258064516129;0.064516129032258;0.4193548387096774;0.0403225806451612;0.0524193548387096;0.1330645161290322;0.0403225806451612;0.0;0.0275229357798165;0.0;0.0152905198776758;0.1009174311926605;0.0061162079510703;0.1957186544342507;0.2385321100917431;0.0703363914373088;0.1559633027522936;0.1162079510703364;0.073394495412844;0.0382165605095541;0.3312101910828025;0.1464968152866242;0.143312101910828;0.2038216560509554;0.0;0.0509554140127388;0.0350318471337579;0.0509554140127388;0.0509502677348006;0.5159235668789809;0.3363914373088685;2004.12252;73.0;46.66666666666666
10071.0;0.0;0.1899641577060931;0.7885304659498208;0.021505376344086;0.0224719101123595;0.1123595505617977;0.0711610486891385;0.0411985018726591;0.0636704119850187;0.0749063670411985;0.2734082397003745;0.0599250936329588;0.0299625468164794;0.1797752808988764;0.0711610486891385;0.0;0.0541516245487364;0.0;0.0216606498194945;0.1010830324909747;0.003610108303249;0.1696750902527075;0.2346570397111913;0.1227436823104693;0.1263537906137184;0.0866425992779783;0.0794223826714801;0.0557620817843866;0.3866171003717472;0.1412639405204461;0.1152416356877323;0.1486988847583643;0.0074349442379182;0.0446096654275092;0.0334572490706319;0.0669144981412639;0.2083833512729551;0.5836431226765799;0.4115523465703971;2004.12252;61.0;55.55555555555556
10072.0;0.0020242914979757;0.131578947368421;0.8603238866396761;0.0060728744939271;0.010840108401084;0.086720867208672;0.1029810298102981;0.016260162601626;0.021680216802168;0.070460704607046;0.4661246612466124;0.02710027100271;0.043360433604336;0.1246612466124661;0.029810298102981;0.0;0.036734693877551;0.0020408163265306;0.0204081632653061;0.0959183673469387;0.0040816326530612;0.2020408163265306;0.2897959183673469;0.1020408163265306;0.0877551020408163;0.1;0.0591836734693877;0.0543933054393305;0.3891213389121339;0.1276150627615062;0.1380753138075313;0.1841004184100418;0.002092050209205;0.0376569037656903;0.0271966527196652;0.0397489539748954;0.223458750940522;0.5711297071129707;0.4285714285714285;2004.12252;59.0;57.03703703703704
11002.0;0.0033670033670033;0.2424242424242424;0.7407407407407407;0.0134680134680134;0.014388489208633;0.0467625899280575;0.0971223021582733;0.0611510791366906;0.0431654676258992;0.0359712230215827;0.2625899280575539;0.079136690647482;0.1151079136690647;0.1474820143884892;0.0971223021582733;0.0033444816053511;0.0066889632107023;0.0033444816053511;0.0501672240802675;0.1103678929765886;0.0066889632107023;0.1204013377926421;0.0869565217391304;0.040133779264214;0.3110367892976589;0.1304347826086956;0.1304347826086956;0.0207612456747404;0.1314878892733564;0.1211072664359861;0.1107266435986159;0.3356401384083045;0.0138408304498269;0.0830449826989619;0.0449826989619377;0.1384083044982699;1.1681598069572336;0.273356401384083;0.1337792642140468;2581.441308;25.0;82.22222222222221
11003.0;0.0033557046979865;0.2214765100671141;0.7583892617449665;0.0167785234899328;0.020242914979757;0.0566801619433198;0.0647773279352226;0.0526315789473684;0.0323886639676113;0.0364372469635627;0.3441295546558704;0.0769230769230769;0.0809716599190283;0.1781376518218623;0.0566801619433198;0.0;0.0168350168350168;0.0;0.0303030303030303;0.1279461279461279;0.0033670033670033;0.1481481481481481;0.1245791245791245;0.0538720538720538;0.2558922558922559;0.1178451178451178;0.1212121212121212;0.0520833333333333;0.1909722222222222;0.1423611111111111;0.1111111111111111;0.2638888888888889;0.0034722222222222;0.0972222222222222;0.0520833333333333;0.0868055555555555;1.338839330069126;0.3854166666666666;0.1952861952861952;2581.441308;23.0;83.7037037037037
11004.0;0.0;0.1583333333333333;0.8166666666666667;0.025;0.0266666666666666;0.0711111111111111;0.0933333333333333;0.04;0.0533333333333333;0.0533333333333333;0.3111111111111111;0.0444444444444444;0.0844444444444444;0.1688888888888889;0.0533333333333333;0.0;0.0207468879668049;0.0;0.0414937759336099;0.1120331950207468;0.0;0.1867219917012448;0.1950207468879668;0.0663900414937759;0.1535269709543568;0.1493775933609958;0.0746887966804979;0.0775862068965517;0.2672413793103448;0.1508620689655172;0.1120689655172413;0.2284482758620689;0.0;0.0689655172413793;0.0344827586206896;0.0603448275862069;1.5444439729437804;0.4956896551724137;0.2821576763485477;2581.441308;20.0;85.92592592592592
11006.0;0.0093023255813953;0.2651162790697674;0.7116279069767442;0.013953488372093;0.0194174757281553;0.0728155339805825;0.0776699029126213;0.0485436893203883;0.0436893203883495;0.0339805825242718;0.3252427184466019;0.0679611650485436;0.1213592233009708;0.1359223300970873;0.0533980582524271;0.0;0.0;0.0046728971962616;0.0514018691588785;0.1308411214953271;0.014018691588785;0.0841121495327102;0.0467289719626168;0.0186915887850467;0.411214953271028;0.1214953271028037;0.116822429906542;0.0241545893719806;0.072463768115942;0.0772946859903381;0.0966183574879227;0.357487922705314;0.0096618357487922;0.1304347826086956;0.0628019323671497;0.1690821256038647;0.997010254509208;0.1739130434782608;0.0654205607476635;2581.441308;27.0;80.74074074074075
11007.0;0.0032051282051282;0.1826923076923076;0.8076923076923077;0.0064102564102564;0.0122448979591836;0.0816326530612244;0.1224489795918367;0.0285714285714285;0.0244897959183673;0.0408163265306122;0.4204081632653061;0.036734693877551;0.0693877551020408;0.1224489795918367;0.0408163265306122;0.0;0.0096153846153846;0.0;0.0512820512820512;0.1314102564102564;0.0096153846153846;0.1474358974358974;0.1314102564102564;0.048076923076923;0.2467948717948718;0.1089743589743589;0.1153846153846153;0.0297029702970297;0.2046204620462046;0.1221122112211221;0.0957095709570957;0.3135313531353135;0.0033003300330033;0.0759075907590759;0.066006600660066;0.0891089108910891;1.3085926125168763;0.3564356435643564;0.1891025641025641;2581.441308;24.0;82.96296296296296
11010.0;0.0080971659919028;0.1619433198380566;0.8137651821862348;0.0161943319838056;0.0292682926829268;0.0975609756097561;0.0878048780487804;0.0292682926829268;0.0292682926829268;0.0390243902439024;0.3268292682926829;0.0341463414634146;0.1024390243902439;0.1658536585365853;0.0585365853658536;0.0;0.0285714285714285;0.0040816326530612;0.0326530612244898;0.1183673469387755;0.0040816326530612;0.1714285714285714;0.1632653061224489;0.0612244897959183;0.1877551020408163;0.1510204081632653;0.0775510204081632;0.0553191489361702;0.2468085106382978;0.1617021276595744;0.1148936170212766;0.2553191489361702;0.0042553191489361;0.0680851063829787;0.0425531914893617;0.051063829787234;1.479328408097441;0.4638297872340425;0.2530612244897959;2581.441308;21.0;85.18518518518519
11013.0;0.0048543689320388;0.2087378640776699;0.7669902912621359;0.0194174757281553;0.0276243093922651;0.0828729281767955;0.1215469613259668;0.0331491712707182;0.0441988950276243;0.0718232044198895;0.3093922651933701;0.0497237569060773;0.0662983425414364;0.143646408839779;0.0497237569060773;0.0;0.0240384615384615;0.0048076923076923;0.0336538461538461;0.1394230769230769;0.0;0.1778846153846154;0.1298076923076923;0.048076923076923;0.1923076923076923;0.1586538461538461;0.0913461538461538;0.06;0.225;0.165;0.145;0.225;0.005;0.06;0.05;0.065;1.3960357798983574;0.45;0.2019230769230769;2581.441308;22.0;84.44444444444444
